timestamp_utc,stage,git_commit,config_path,seed,dataset_version,embedding_version,command_line,artifact,notes
2026-06-03T05:48:13+00:00,train_fasttext,6904997-dirty,configs/detector/fasttext_base.yaml,42,3ce0e30a2e51,7769ea2c62c8,scripts/10_train_fasttext.py --config configs/detector/fasttext_base.yaml --seed 42,<REPO>/models\detector\fasttext\weblog_fasttext.model,vocab=33583|vector_size=128|split=weblog_pretrain eval_capped=False
2026-06-03T05:49:50+00:00,evaluate_table3,6904997-dirty,configs/finetune/label_0pct.yaml,42,3ce0e30a2e51,7769ea2c62c8,scripts/12_evaluate.py --config configs/finetune/label_0pct.yaml --seed 42 --table 3,<REPO>/results\table_03_rq1_baselines\cells\proposed-fasttext-field-aware__0__seed42.json,row=Proposed (FastText field-aware)|col=0%|mean_anomaly_score=7.3764 eval_capped=False
2026-06-03T05:49:59+00:00,evaluate_table3,6904997-dirty,configs/finetune/label_1pct.yaml,42,3ce0e30a2e51,7769ea2c62c8,scripts/12_evaluate.py --config configs/finetune/label_1pct.yaml --seed 42 --table 3,<REPO>/results\table_03_rq1_baselines\cells\proposed-fasttext-field-aware__1__seed42.json,row=Proposed (FastText field-aware)|col=1%|macro_f1=38.5469 eval_capped=False
2026-06-03T05:50:12+00:00,evaluate_table3,6904997-dirty,configs/finetune/label_5pct.yaml,42,3ce0e30a2e51,7769ea2c62c8,scripts/12_evaluate.py --config configs/finetune/label_5pct.yaml --seed 42 --table 3,<REPO>/results\table_03_rq1_baselines\cells\proposed-fasttext-field-aware__5__seed42.json,row=Proposed (FastText field-aware)|col=5%|macro_f1=63.7718 eval_capped=False
2026-06-03T05:50:37+00:00,evaluate_table3,6904997-dirty,configs/finetune/label_10pct.yaml,42,3ce0e30a2e51,7769ea2c62c8,scripts/12_evaluate.py --config configs/finetune/label_10pct.yaml --seed 42 --table 3,<REPO>/results\table_03_rq1_baselines\cells\proposed-fasttext-field-aware__10__seed42.json,row=Proposed (FastText field-aware)|col=10%|macro_f1=71.957 eval_capped=False
2026-06-03T05:51:13+00:00,evaluate_table3,6904997-dirty,configs/finetune/label_20pct.yaml,42,3ce0e30a2e51,7769ea2c62c8,scripts/12_evaluate.py --config configs/finetune/label_20pct.yaml --seed 42 --table 3,<REPO>/results\table_03_rq1_baselines\cells\proposed-fasttext-field-aware__20__seed42.json,row=Proposed (FastText field-aware)|col=20%|macro_f1=69.733 eval_capped=False
2026-06-03T05:53:53+00:00,evaluate_table3,6904997-dirty,configs/finetune/label_50pct.yaml,42,3ce0e30a2e51,7769ea2c62c8,scripts/12_evaluate.py --config configs/finetune/label_50pct.yaml --seed 42 --table 3,<REPO>/results\table_03_rq1_baselines\cells\proposed-fasttext-field-aware__50__seed42.json,row=Proposed (FastText field-aware)|col=50%|macro_f1=75.671 eval_capped=False
2026-06-03T05:56:43+00:00,evaluate_table3,6904997-dirty,configs/finetune/label_0pct.yaml,43,3ce0e30a2e51,7769ea2c62c8,scripts/12_evaluate.py --config configs/finetune/label_0pct.yaml --seed 43 --table 3,<REPO>/results\table_03_rq1_baselines\cells\proposed-fasttext-field-aware__0__seed43.json,row=Proposed (FastText field-aware)|col=0%|mean_anomaly_score=7.3764 eval_capped=False
2026-06-03T05:57:02+00:00,evaluate_table3,6904997-dirty,configs/finetune/label_1pct.yaml,43,3ce0e30a2e51,7769ea2c62c8,scripts/12_evaluate.py --config configs/finetune/label_1pct.yaml --seed 43 --table 3,<REPO>/results\table_03_rq1_baselines\cells\proposed-fasttext-field-aware__1__seed43.json,row=Proposed (FastText field-aware)|col=1%|macro_f1=38.5469 eval_capped=False
2026-06-03T05:57:27+00:00,evaluate_table3,6904997-dirty,configs/finetune/label_5pct.yaml,43,3ce0e30a2e51,7769ea2c62c8,scripts/12_evaluate.py --config configs/finetune/label_5pct.yaml --seed 43 --table 3,<REPO>/results\table_03_rq1_baselines\cells\proposed-fasttext-field-aware__5__seed43.json,row=Proposed (FastText field-aware)|col=5%|macro_f1=63.7718 eval_capped=False
2026-06-03T05:58:16+00:00,evaluate_table3,6904997-dirty,configs/finetune/label_10pct.yaml,43,3ce0e30a2e51,7769ea2c62c8,scripts/12_evaluate.py --config configs/finetune/label_10pct.yaml --seed 43 --table 3,<REPO>/results\table_03_rq1_baselines\cells\proposed-fasttext-field-aware__10__seed43.json,row=Proposed (FastText field-aware)|col=10%|macro_f1=71.957 eval_capped=False
2026-06-03T05:58:56+00:00,evaluate_table3,6904997-dirty,configs/finetune/label_20pct.yaml,43,3ce0e30a2e51,7769ea2c62c8,scripts/12_evaluate.py --config configs/finetune/label_20pct.yaml --seed 43 --table 3,<REPO>/results\table_03_rq1_baselines\cells\proposed-fasttext-field-aware__20__seed43.json,row=Proposed (FastText field-aware)|col=20%|macro_f1=69.733 eval_capped=False
2026-06-03T06:01:25+00:00,evaluate_table3,6904997-dirty,configs/finetune/label_50pct.yaml,43,3ce0e30a2e51,7769ea2c62c8,scripts/12_evaluate.py --config configs/finetune/label_50pct.yaml --seed 43 --table 3,<REPO>/results\table_03_rq1_baselines\cells\proposed-fasttext-field-aware__50__seed43.json,row=Proposed (FastText field-aware)|col=50%|macro_f1=75.671 eval_capped=False
2026-06-03T06:02:44+00:00,evaluate_table3,6904997-dirty,configs/finetune/label_0pct.yaml,44,3ce0e30a2e51,7769ea2c62c8,scripts/12_evaluate.py --config configs/finetune/label_0pct.yaml --seed 44 --table 3,<REPO>/results\table_03_rq1_baselines\cells\proposed-fasttext-field-aware__0__seed44.json,row=Proposed (FastText field-aware)|col=0%|mean_anomaly_score=7.3764 eval_capped=False
2026-06-03T06:02:54+00:00,evaluate_table3,6904997-dirty,configs/finetune/label_1pct.yaml,44,3ce0e30a2e51,7769ea2c62c8,scripts/12_evaluate.py --config configs/finetune/label_1pct.yaml --seed 44 --table 3,<REPO>/results\table_03_rq1_baselines\cells\proposed-fasttext-field-aware__1__seed44.json,row=Proposed (FastText field-aware)|col=1%|macro_f1=38.5469 eval_capped=False
2026-06-03T06:03:06+00:00,evaluate_table3,6904997-dirty,configs/finetune/label_5pct.yaml,44,3ce0e30a2e51,7769ea2c62c8,scripts/12_evaluate.py --config configs/finetune/label_5pct.yaml --seed 44 --table 3,<REPO>/results\table_03_rq1_baselines\cells\proposed-fasttext-field-aware__5__seed44.json,row=Proposed (FastText field-aware)|col=5%|macro_f1=63.7718 eval_capped=False
2026-06-03T06:03:30+00:00,evaluate_table3,6904997-dirty,configs/finetune/label_10pct.yaml,44,3ce0e30a2e51,7769ea2c62c8,scripts/12_evaluate.py --config configs/finetune/label_10pct.yaml --seed 44 --table 3,<REPO>/results\table_03_rq1_baselines\cells\proposed-fasttext-field-aware__10__seed44.json,row=Proposed (FastText field-aware)|col=10%|macro_f1=71.957 eval_capped=False
2026-06-03T06:04:05+00:00,evaluate_table3,6904997-dirty,configs/finetune/label_20pct.yaml,44,3ce0e30a2e51,7769ea2c62c8,scripts/12_evaluate.py --config configs/finetune/label_20pct.yaml --seed 44 --table 3,<REPO>/results\table_03_rq1_baselines\cells\proposed-fasttext-field-aware__20__seed44.json,row=Proposed (FastText field-aware)|col=20%|macro_f1=69.733 eval_capped=False
2026-06-03T06:07:13+00:00,evaluate_table3,6904997-dirty,configs/finetune/label_50pct.yaml,44,3ce0e30a2e51,7769ea2c62c8,scripts/12_evaluate.py --config configs/finetune/label_50pct.yaml --seed 44 --table 3,<REPO>/results\table_03_rq1_baselines\cells\proposed-fasttext-field-aware__50__seed44.json,row=Proposed (FastText field-aware)|col=50%|macro_f1=75.671 eval_capped=False
2026-06-03T06:11:41+00:00,evaluate_table3,6904997-dirty,configs/finetune/label_0pct.yaml,45,3ce0e30a2e51,7769ea2c62c8,scripts/12_evaluate.py --config configs/finetune/label_0pct.yaml --seed 45 --table 3,<REPO>/results\table_03_rq1_baselines\cells\proposed-fasttext-field-aware__0__seed45.json,row=Proposed (FastText field-aware)|col=0%|mean_anomaly_score=7.3764 eval_capped=False
2026-06-03T06:11:58+00:00,evaluate_table3,6904997-dirty,configs/finetune/label_1pct.yaml,45,3ce0e30a2e51,7769ea2c62c8,scripts/12_evaluate.py --config configs/finetune/label_1pct.yaml --seed 45 --table 3,<REPO>/results\table_03_rq1_baselines\cells\proposed-fasttext-field-aware__1__seed45.json,row=Proposed (FastText field-aware)|col=1%|macro_f1=38.5469 eval_capped=False
2026-06-03T06:12:22+00:00,evaluate_table3,6904997-dirty,configs/finetune/label_5pct.yaml,45,3ce0e30a2e51,7769ea2c62c8,scripts/12_evaluate.py --config configs/finetune/label_5pct.yaml --seed 45 --table 3,<REPO>/results\table_03_rq1_baselines\cells\proposed-fasttext-field-aware__5__seed45.json,row=Proposed (FastText field-aware)|col=5%|macro_f1=63.7718 eval_capped=False
2026-06-03T06:13:06+00:00,evaluate_table3,6904997-dirty,configs/finetune/label_10pct.yaml,45,3ce0e30a2e51,7769ea2c62c8,scripts/12_evaluate.py --config configs/finetune/label_10pct.yaml --seed 45 --table 3,<REPO>/results\table_03_rq1_baselines\cells\proposed-fasttext-field-aware__10__seed45.json,row=Proposed (FastText field-aware)|col=10%|macro_f1=71.957 eval_capped=False
2026-06-03T06:14:20+00:00,evaluate_table3,6904997-dirty,configs/finetune/label_20pct.yaml,45,3ce0e30a2e51,7769ea2c62c8,scripts/12_evaluate.py --config configs/finetune/label_20pct.yaml --seed 45 --table 3,<REPO>/results\table_03_rq1_baselines\cells\proposed-fasttext-field-aware__20__seed45.json,row=Proposed (FastText field-aware)|col=20%|macro_f1=69.733 eval_capped=False
2026-06-03T06:17:35+00:00,evaluate_table3,6904997-dirty,configs/finetune/label_50pct.yaml,45,3ce0e30a2e51,7769ea2c62c8,scripts/12_evaluate.py --config configs/finetune/label_50pct.yaml --seed 45 --table 3,<REPO>/results\table_03_rq1_baselines\cells\proposed-fasttext-field-aware__50__seed45.json,row=Proposed (FastText field-aware)|col=50%|macro_f1=75.671 eval_capped=False
2026-06-03T06:20:58+00:00,evaluate_table3,6904997-dirty,configs/finetune/label_0pct.yaml,46,3ce0e30a2e51,7769ea2c62c8,scripts/12_evaluate.py --config configs/finetune/label_0pct.yaml --seed 46 --table 3,<REPO>/results\table_03_rq1_baselines\cells\proposed-fasttext-field-aware__0__seed46.json,row=Proposed (FastText field-aware)|col=0%|mean_anomaly_score=7.3764 eval_capped=False
2026-06-03T06:21:19+00:00,evaluate_table3,6904997-dirty,configs/finetune/label_1pct.yaml,46,3ce0e30a2e51,7769ea2c62c8,scripts/12_evaluate.py --config configs/finetune/label_1pct.yaml --seed 46 --table 3,<REPO>/results\table_03_rq1_baselines\cells\proposed-fasttext-field-aware__1__seed46.json,row=Proposed (FastText field-aware)|col=1%|macro_f1=38.5469 eval_capped=False
2026-06-03T06:21:42+00:00,evaluate_table3,6904997-dirty,configs/finetune/label_5pct.yaml,46,3ce0e30a2e51,7769ea2c62c8,scripts/12_evaluate.py --config configs/finetune/label_5pct.yaml --seed 46 --table 3,<REPO>/results\table_03_rq1_baselines\cells\proposed-fasttext-field-aware__5__seed46.json,row=Proposed (FastText field-aware)|col=5%|macro_f1=63.7718 eval_capped=False
2026-06-03T06:22:30+00:00,evaluate_table3,6904997-dirty,configs/finetune/label_10pct.yaml,46,3ce0e30a2e51,7769ea2c62c8,scripts/12_evaluate.py --config configs/finetune/label_10pct.yaml --seed 46 --table 3,<REPO>/results\table_03_rq1_baselines\cells\proposed-fasttext-field-aware__10__seed46.json,row=Proposed (FastText field-aware)|col=10%|macro_f1=71.957 eval_capped=False
2026-06-03T06:23:43+00:00,evaluate_table3,6904997-dirty,configs/finetune/label_20pct.yaml,46,3ce0e30a2e51,7769ea2c62c8,scripts/12_evaluate.py --config configs/finetune/label_20pct.yaml --seed 46 --table 3,<REPO>/results\table_03_rq1_baselines\cells\proposed-fasttext-field-aware__20__seed46.json,row=Proposed (FastText field-aware)|col=20%|macro_f1=69.733 eval_capped=False
2026-06-03T06:28:56+00:00,evaluate_table3,6904997-dirty,configs/finetune/label_50pct.yaml,46,3ce0e30a2e51,7769ea2c62c8,scripts/12_evaluate.py --config configs/finetune/label_50pct.yaml --seed 46 --table 3,<REPO>/results\table_03_rq1_baselines\cells\proposed-fasttext-field-aware__50__seed46.json,row=Proposed (FastText field-aware)|col=50%|macro_f1=75.671 eval_capped=False
2026-06-03T06:40:40+00:00,baseline_isolation_forest,6904997-dirty,<REPO>/configs/baselines/isolation_forest.yaml,42,3ce0e30a2e51,7769ea2c62c8,<REPO>/scripts/20_run_baseline.py --config <REPO>/configs/baselines/isolation_forest.yaml --seed 42 --device cpu,<REPO>/results\table_03_rq1_baselines\isolation_forest.json,value=0.31363 eval_capped=False
2026-06-03T06:42:27+00:00,baseline_ocsvm,6904997-dirty,<REPO>/configs/baselines/ocsvm.yaml,42,3ce0e30a2e51,7769ea2c62c8,<REPO>/scripts/20_run_baseline.py --config <REPO>/configs/baselines/ocsvm.yaml --seed 42 --device cpu,<REPO>/results\table_03_rq1_baselines\ocsvm.json,value=1.146014 eval_capped=False
2026-06-03T06:42:39+00:00,baseline_tfidf_logreg,6904997-dirty,<REPO>/configs/baselines/tfidf_logreg.yaml,42,3ce0e30a2e51,7769ea2c62c8,<REPO>/scripts/20_run_baseline.py --config <REPO>/configs/baselines/tfidf_logreg.yaml --seed 42 --device cpu,<REPO>/results\table_03_rq1_baselines\tfidf_logreg.json,value=50.8054 eval_capped=False
2026-06-03T06:43:25+00:00,baseline_tfidf_svd_hgbdt,6904997-dirty,<REPO>/configs/baselines/tfidf_svd_hgbdt.yaml,42,3ce0e30a2e51,7769ea2c62c8,<REPO>/scripts/20_run_baseline.py --config <REPO>/configs/baselines/tfidf_svd_hgbdt.yaml --seed 42 --device cpu,<REPO>/results\table_03_rq1_baselines\tfidf_svd_hgbdt.json,value=68.6023 eval_capped=False
2026-06-03T06:46:37+00:00,baseline_char_cnn,6904997-dirty,<REPO>/configs/baselines/char_cnn.yaml,42,3ce0e30a2e51,7769ea2c62c8,<REPO>/scripts/20_run_baseline.py --config <REPO>/configs/baselines/char_cnn.yaml --seed 42 --device cpu,<REPO>/results\table_03_rq1_baselines\char_cnn.json,value=54.5543 eval_capped=False
2026-06-03T06:46:43+00:00,baseline_modsec_learn,6904997-dirty,<REPO>/configs/baselines/modsec_learn.yaml,42,3ce0e30a2e51,7769ea2c62c8,<REPO>/scripts/20_run_baseline.py --config <REPO>/configs/baselines/modsec_learn.yaml --seed 42 --device cpu,<REPO>/results\table_03_rq1_baselines\modsec_learn.json,value=90.9558 eval_capped=False
2026-06-03T06:46:50+00:00,baseline_modsec_advlearn,6904997-dirty,<REPO>/configs/baselines/modsec_advlearn.yaml,42,3ce0e30a2e51,7769ea2c62c8,<REPO>/scripts/20_run_baseline.py --config <REPO>/configs/baselines/modsec_advlearn.yaml --seed 42 --device cpu,<REPO>/results\table_03_rq1_baselines\modsec_advlearn.json,value=76.127 eval_capped=False
2026-06-03T06:54:33+00:00,baseline_deeplog,6904997-dirty,<REPO>/configs/baselines/deeplog.yaml,42,3ce0e30a2e51,7769ea2c62c8,<REPO>/scripts/20_run_baseline.py --config <REPO>/configs/baselines/deeplog.yaml --seed 42 --device cpu,<REPO>/results\table_03_rq1_baselines\deeplog.json,value=12.0504 eval_capped=False
2026-06-03T07:00:30+00:00,baseline_isolation_forest,6904997-dirty,<REPO>/configs/baselines/isolation_forest.yaml,43,3ce0e30a2e51,7769ea2c62c8,<REPO>/scripts/20_run_baseline.py --config <REPO>/configs/baselines/isolation_forest.yaml --seed 43 --device cpu,<REPO>/results\table_03_rq1_baselines\isolation_forest.json,value=0.313831 eval_capped=False
2026-06-03T07:02:27+00:00,baseline_ocsvm,6904997-dirty,<REPO>/configs/baselines/ocsvm.yaml,43,3ce0e30a2e51,7769ea2c62c8,<REPO>/scripts/20_run_baseline.py --config <REPO>/configs/baselines/ocsvm.yaml --seed 43 --device cpu,<REPO>/results\table_03_rq1_baselines\ocsvm.json,value=1.146014 eval_capped=False
2026-06-03T07:02:39+00:00,baseline_tfidf_logreg,6904997-dirty,<REPO>/configs/baselines/tfidf_logreg.yaml,43,3ce0e30a2e51,7769ea2c62c8,<REPO>/scripts/20_run_baseline.py --config <REPO>/configs/baselines/tfidf_logreg.yaml --seed 43 --device cpu,<REPO>/results\table_03_rq1_baselines\tfidf_logreg.json,value=50.8054 eval_capped=False
2026-06-03T07:03:26+00:00,baseline_tfidf_svd_hgbdt,6904997-dirty,<REPO>/configs/baselines/tfidf_svd_hgbdt.yaml,43,3ce0e30a2e51,7769ea2c62c8,<REPO>/scripts/20_run_baseline.py --config <REPO>/configs/baselines/tfidf_svd_hgbdt.yaml --seed 43 --device cpu,<REPO>/results\table_03_rq1_baselines\tfidf_svd_hgbdt.json,value=67.4525 eval_capped=False
2026-06-03T07:06:52+00:00,baseline_char_cnn,6904997-dirty,<REPO>/configs/baselines/char_cnn.yaml,43,3ce0e30a2e51,7769ea2c62c8,<REPO>/scripts/20_run_baseline.py --config <REPO>/configs/baselines/char_cnn.yaml --seed 43 --device cpu,<REPO>/results\table_03_rq1_baselines\char_cnn.json,value=59.0626 eval_capped=False
2026-06-03T07:06:58+00:00,baseline_modsec_learn,6904997-dirty,<REPO>/configs/baselines/modsec_learn.yaml,43,3ce0e30a2e51,7769ea2c62c8,<REPO>/scripts/20_run_baseline.py --config <REPO>/configs/baselines/modsec_learn.yaml --seed 43 --device cpu,<REPO>/results\table_03_rq1_baselines\modsec_learn.json,value=90.9558 eval_capped=False
2026-06-03T07:07:05+00:00,baseline_modsec_advlearn,6904997-dirty,<REPO>/configs/baselines/modsec_advlearn.yaml,43,3ce0e30a2e51,7769ea2c62c8,<REPO>/scripts/20_run_baseline.py --config <REPO>/configs/baselines/modsec_advlearn.yaml --seed 43 --device cpu,<REPO>/results\table_03_rq1_baselines\modsec_advlearn.json,value=76.127 eval_capped=False
2026-06-03T07:15:27+00:00,baseline_deeplog,6904997-dirty,<REPO>/configs/baselines/deeplog.yaml,43,3ce0e30a2e51,7769ea2c62c8,<REPO>/scripts/20_run_baseline.py --config <REPO>/configs/baselines/deeplog.yaml --seed 43 --device cpu,<REPO>/results\table_03_rq1_baselines\deeplog.json,value=11.9342 eval_capped=False
2026-06-03T07:27:21+00:00,baseline_isolation_forest,6904997-dirty,<REPO>/configs/baselines/isolation_forest.yaml,44,3ce0e30a2e51,7769ea2c62c8,<REPO>/scripts/20_run_baseline.py --config <REPO>/configs/baselines/isolation_forest.yaml --seed 44 --device cpu,<REPO>/results\table_03_rq1_baselines\isolation_forest.json,value=0.317128 eval_capped=False
2026-06-03T07:28:36+00:00,baseline_ocsvm,6904997-dirty,<REPO>/configs/baselines/ocsvm.yaml,44,3ce0e30a2e51,7769ea2c62c8,<REPO>/scripts/20_run_baseline.py --config <REPO>/configs/baselines/ocsvm.yaml --seed 44 --device cpu,<REPO>/results\table_03_rq1_baselines\ocsvm.json,value=1.146014 eval_capped=False
2026-06-03T07:28:43+00:00,baseline_tfidf_logreg,6904997-dirty,<REPO>/configs/baselines/tfidf_logreg.yaml,44,3ce0e30a2e51,7769ea2c62c8,<REPO>/scripts/20_run_baseline.py --config <REPO>/configs/baselines/tfidf_logreg.yaml --seed 44 --device cpu,<REPO>/results\table_03_rq1_baselines\tfidf_logreg.json,value=50.8054 eval_capped=False
2026-06-03T07:29:05+00:00,baseline_tfidf_svd_hgbdt,6904997-dirty,<REPO>/configs/baselines/tfidf_svd_hgbdt.yaml,44,3ce0e30a2e51,7769ea2c62c8,<REPO>/scripts/20_run_baseline.py --config <REPO>/configs/baselines/tfidf_svd_hgbdt.yaml --seed 44 --device cpu,<REPO>/results\table_03_rq1_baselines\tfidf_svd_hgbdt.json,value=68.1302 eval_capped=False
2026-06-03T07:30:02+00:00,baseline_char_cnn,6904997-dirty,<REPO>/configs/baselines/char_cnn.yaml,44,3ce0e30a2e51,7769ea2c62c8,<REPO>/scripts/20_run_baseline.py --config <REPO>/configs/baselines/char_cnn.yaml --seed 44 --device cpu,<REPO>/results\table_03_rq1_baselines\char_cnn.json,value=56.4424 eval_capped=False
2026-06-03T07:30:07+00:00,baseline_modsec_learn,6904997-dirty,<REPO>/configs/baselines/modsec_learn.yaml,44,3ce0e30a2e51,7769ea2c62c8,<REPO>/scripts/20_run_baseline.py --config <REPO>/configs/baselines/modsec_learn.yaml --seed 44 --device cpu,<REPO>/results\table_03_rq1_baselines\modsec_learn.json,value=90.9558 eval_capped=False
2026-06-03T07:30:12+00:00,baseline_modsec_advlearn,6904997-dirty,<REPO>/configs/baselines/modsec_advlearn.yaml,44,3ce0e30a2e51,7769ea2c62c8,<REPO>/scripts/20_run_baseline.py --config <REPO>/configs/baselines/modsec_advlearn.yaml --seed 44 --device cpu,<REPO>/results\table_03_rq1_baselines\modsec_advlearn.json,value=76.127 eval_capped=False
2026-06-03T07:31:58+00:00,baseline_deeplog,6904997-dirty,<REPO>/configs/baselines/deeplog.yaml,44,3ce0e30a2e51,7769ea2c62c8,<REPO>/scripts/20_run_baseline.py --config <REPO>/configs/baselines/deeplog.yaml --seed 44 --device cpu,<REPO>/results\table_03_rq1_baselines\deeplog.json,value=12.1434 eval_capped=False
2026-06-03T07:36:56+00:00,baseline_isolation_forest,6904997-dirty,<REPO>/configs/baselines/isolation_forest.yaml,45,3ce0e30a2e51,7769ea2c62c8,<REPO>/scripts/20_run_baseline.py --config <REPO>/configs/baselines/isolation_forest.yaml --seed 45 --device cpu,<REPO>/results\table_03_rq1_baselines\isolation_forest.json,value=0.317379 eval_capped=False
2026-06-03T07:38:04+00:00,baseline_ocsvm,6904997-dirty,<REPO>/configs/baselines/ocsvm.yaml,45,3ce0e30a2e51,7769ea2c62c8,<REPO>/scripts/20_run_baseline.py --config <REPO>/configs/baselines/ocsvm.yaml --seed 45 --device cpu,<REPO>/results\table_03_rq1_baselines\ocsvm.json,value=1.146014 eval_capped=False
2026-06-03T07:38:13+00:00,baseline_tfidf_logreg,6904997-dirty,<REPO>/configs/baselines/tfidf_logreg.yaml,45,3ce0e30a2e51,7769ea2c62c8,<REPO>/scripts/20_run_baseline.py --config <REPO>/configs/baselines/tfidf_logreg.yaml --seed 45 --device cpu,<REPO>/results\table_03_rq1_baselines\tfidf_logreg.json,value=50.8054 eval_capped=False
2026-06-03T07:39:42+00:00,baseline_tfidf_svd_hgbdt,6904997-dirty,<REPO>/configs/baselines/tfidf_svd_hgbdt.yaml,45,3ce0e30a2e51,7769ea2c62c8,<REPO>/scripts/20_run_baseline.py --config <REPO>/configs/baselines/tfidf_svd_hgbdt.yaml --seed 45 --device cpu,<REPO>/results\table_03_rq1_baselines\tfidf_svd_hgbdt.json,value=68.0588 eval_capped=False
2026-06-03T07:40:41+00:00,baseline_char_cnn,6904997-dirty,<REPO>/configs/baselines/char_cnn.yaml,45,3ce0e30a2e51,7769ea2c62c8,<REPO>/scripts/20_run_baseline.py --config <REPO>/configs/baselines/char_cnn.yaml --seed 45 --device cpu,<REPO>/results\table_03_rq1_baselines\char_cnn.json,value=57.7608 eval_capped=False
2026-06-03T07:40:46+00:00,baseline_modsec_learn,6904997-dirty,<REPO>/configs/baselines/modsec_learn.yaml,45,3ce0e30a2e51,7769ea2c62c8,<REPO>/scripts/20_run_baseline.py --config <REPO>/configs/baselines/modsec_learn.yaml --seed 45 --device cpu,<REPO>/results\table_03_rq1_baselines\modsec_learn.json,value=90.9558 eval_capped=False
2026-06-03T07:40:51+00:00,baseline_modsec_advlearn,6904997-dirty,<REPO>/configs/baselines/modsec_advlearn.yaml,45,3ce0e30a2e51,7769ea2c62c8,<REPO>/scripts/20_run_baseline.py --config <REPO>/configs/baselines/modsec_advlearn.yaml --seed 45 --device cpu,<REPO>/results\table_03_rq1_baselines\modsec_advlearn.json,value=76.127 eval_capped=False
2026-06-03T07:45:52+00:00,baseline_deeplog,6904997-dirty,<REPO>/configs/baselines/deeplog.yaml,45,3ce0e30a2e51,7769ea2c62c8,<REPO>/scripts/20_run_baseline.py --config <REPO>/configs/baselines/deeplog.yaml --seed 45 --device cpu,<REPO>/results\table_03_rq1_baselines\deeplog.json,value=11.5391 eval_capped=False
2026-06-03T07:49:56+00:00,evaluate_table3,6904997-dirty,configs/finetune/label_5pct.yaml,42,3ce0e30a2e51,7769ea2c62c8,scripts/12_evaluate.py --config configs/finetune/label_5pct.yaml --seed 42 --table 3,<REPO>/results\table_03_rq1_baselines\cells\proposed-fasttext-field-aware__5__seed42.json,row=Proposed (FastText field-aware)|col=5%|macro_f1=65.1035 eval_capped=False
2026-06-03T07:52:30+00:00,evaluate_table3,6904997-dirty,configs/finetune/label_0pct.yaml,42,3ce0e30a2e51,7769ea2c62c8,scripts/12_evaluate.py --config configs/finetune/label_0pct.yaml --seed 42 --table 3,<REPO>/results\table_03_rq1_baselines\cells\proposed-fasttext-field-aware__0__seed42.json,row=Proposed (FastText field-aware)|col=0%|mean_anomaly_score=7.3764 eval_capped=False
2026-06-03T07:53:06+00:00,evaluate_table3,6904997-dirty,configs/finetune/label_1pct.yaml,42,3ce0e30a2e51,7769ea2c62c8,scripts/12_evaluate.py --config configs/finetune/label_1pct.yaml --seed 42 --table 3,<REPO>/results\table_03_rq1_baselines\cells\proposed-fasttext-field-aware__1__seed42.json,row=Proposed (FastText field-aware)|col=1%|macro_f1=38.2422 eval_capped=False
2026-06-03T07:53:18+00:00,evaluate_table3,6904997-dirty,configs/finetune/label_5pct.yaml,42,3ce0e30a2e51,7769ea2c62c8,scripts/12_evaluate.py --config configs/finetune/label_5pct.yaml --seed 42 --table 3,<REPO>/results\table_03_rq1_baselines\cells\proposed-fasttext-field-aware__5__seed42.json,row=Proposed (FastText field-aware)|col=5%|macro_f1=65.1035 eval_capped=False
2026-06-03T07:53:32+00:00,evaluate_table3,6904997-dirty,configs/finetune/label_10pct.yaml,42,3ce0e30a2e51,7769ea2c62c8,scripts/12_evaluate.py --config configs/finetune/label_10pct.yaml --seed 42 --table 3,<REPO>/results\table_03_rq1_baselines\cells\proposed-fasttext-field-aware__10__seed42.json,row=Proposed (FastText field-aware)|col=10%|macro_f1=73.6091 eval_capped=False
2026-06-03T07:53:38+00:00,baseline_isolation_forest,6904997-dirty,<REPO>/configs/baselines/isolation_forest.yaml,46,3ce0e30a2e51,7769ea2c62c8,<REPO>/scripts/20_run_baseline.py --config <REPO>/configs/baselines/isolation_forest.yaml --seed 46 --device cpu,<REPO>/results\table_03_rq1_baselines\isolation_forest.json,value=0.31377 eval_capped=False
2026-06-03T07:53:51+00:00,evaluate_table3,6904997-dirty,configs/finetune/label_20pct.yaml,42,3ce0e30a2e51,7769ea2c62c8,scripts/12_evaluate.py --config configs/finetune/label_20pct.yaml --seed 42 --table 3,<REPO>/results\table_03_rq1_baselines\cells\proposed-fasttext-field-aware__20__seed42.json,row=Proposed (FastText field-aware)|col=20%|macro_f1=72.1568 eval_capped=False
2026-06-03T07:54:28+00:00,evaluate_table3,6904997-dirty,configs/finetune/label_50pct.yaml,42,3ce0e30a2e51,7769ea2c62c8,scripts/12_evaluate.py --config configs/finetune/label_50pct.yaml --seed 42 --table 3,<REPO>/results\table_03_rq1_baselines\cells\proposed-fasttext-field-aware__50__seed42.json,row=Proposed (FastText field-aware)|col=50%|macro_f1=78.189 eval_capped=False
2026-06-03T07:54:49+00:00,baseline_ocsvm,6904997-dirty,<REPO>/configs/baselines/ocsvm.yaml,46,3ce0e30a2e51,7769ea2c62c8,<REPO>/scripts/20_run_baseline.py --config <REPO>/configs/baselines/ocsvm.yaml --seed 46 --device cpu,<REPO>/results\table_03_rq1_baselines\ocsvm.json,value=1.146014 eval_capped=False
2026-06-03T07:54:57+00:00,baseline_tfidf_logreg,6904997-dirty,<REPO>/configs/baselines/tfidf_logreg.yaml,46,3ce0e30a2e51,7769ea2c62c8,<REPO>/scripts/20_run_baseline.py --config <REPO>/configs/baselines/tfidf_logreg.yaml --seed 46 --device cpu,<REPO>/results\table_03_rq1_baselines\tfidf_logreg.json,value=50.8054 eval_capped=False
2026-06-03T07:55:21+00:00,baseline_tfidf_svd_hgbdt,6904997-dirty,<REPO>/configs/baselines/tfidf_svd_hgbdt.yaml,46,3ce0e30a2e51,7769ea2c62c8,<REPO>/scripts/20_run_baseline.py --config <REPO>/configs/baselines/tfidf_svd_hgbdt.yaml --seed 46 --device cpu,<REPO>/results\table_03_rq1_baselines\tfidf_svd_hgbdt.json,value=66.5814 eval_capped=False
2026-06-03T07:56:23+00:00,baseline_char_cnn,6904997-dirty,<REPO>/configs/baselines/char_cnn.yaml,46,3ce0e30a2e51,7769ea2c62c8,<REPO>/scripts/20_run_baseline.py --config <REPO>/configs/baselines/char_cnn.yaml --seed 46 --device cpu,<REPO>/results\table_03_rq1_baselines\char_cnn.json,value=59.7697 eval_capped=False
2026-06-03T07:56:28+00:00,evaluate_table3,6904997-dirty,configs/finetune/label_0pct.yaml,43,3ce0e30a2e51,7769ea2c62c8,scripts/12_evaluate.py --config configs/finetune/label_0pct.yaml --seed 43 --table 3,<REPO>/results\table_03_rq1_baselines\cells\proposed-fasttext-field-aware__0__seed43.json,row=Proposed (FastText field-aware)|col=0%|mean_anomaly_score=7.3764 eval_capped=False
2026-06-03T07:56:30+00:00,baseline_modsec_learn,6904997-dirty,<REPO>/configs/baselines/modsec_learn.yaml,46,3ce0e30a2e51,7769ea2c62c8,<REPO>/scripts/20_run_baseline.py --config <REPO>/configs/baselines/modsec_learn.yaml --seed 46 --device cpu,<REPO>/results\table_03_rq1_baselines\modsec_learn.json,value=90.9558 eval_capped=False
2026-06-03T07:56:36+00:00,baseline_modsec_advlearn,6904997-dirty,<REPO>/configs/baselines/modsec_advlearn.yaml,46,3ce0e30a2e51,7769ea2c62c8,<REPO>/scripts/20_run_baseline.py --config <REPO>/configs/baselines/modsec_advlearn.yaml --seed 46 --device cpu,<REPO>/results\table_03_rq1_baselines\modsec_advlearn.json,value=76.127 eval_capped=False
2026-06-03T07:56:37+00:00,evaluate_table3,6904997-dirty,configs/finetune/label_1pct.yaml,43,3ce0e30a2e51,7769ea2c62c8,scripts/12_evaluate.py --config configs/finetune/label_1pct.yaml --seed 43 --table 3,<REPO>/results\table_03_rq1_baselines\cells\proposed-fasttext-field-aware__1__seed43.json,row=Proposed (FastText field-aware)|col=1%|macro_f1=38.2422 eval_capped=False
2026-06-03T07:56:54+00:00,evaluate_table3,6904997-dirty,configs/finetune/label_5pct.yaml,43,3ce0e30a2e51,7769ea2c62c8,scripts/12_evaluate.py --config configs/finetune/label_5pct.yaml --seed 43 --table 3,<REPO>/results\table_03_rq1_baselines\cells\proposed-fasttext-field-aware__5__seed43.json,row=Proposed (FastText field-aware)|col=5%|macro_f1=65.1035 eval_capped=False
2026-06-03T07:57:16+00:00,evaluate_table3,6904997-dirty,configs/finetune/label_10pct.yaml,43,3ce0e30a2e51,7769ea2c62c8,scripts/12_evaluate.py --config configs/finetune/label_10pct.yaml --seed 43 --table 3,<REPO>/results\table_03_rq1_baselines\cells\proposed-fasttext-field-aware__10__seed43.json,row=Proposed (FastText field-aware)|col=10%|macro_f1=73.6091 eval_capped=False
2026-06-03T07:57:46+00:00,evaluate_table3,6904997-dirty,configs/finetune/label_20pct.yaml,43,3ce0e30a2e51,7769ea2c62c8,scripts/12_evaluate.py --config configs/finetune/label_20pct.yaml --seed 43 --table 3,<REPO>/results\table_03_rq1_baselines\cells\proposed-fasttext-field-aware__20__seed43.json,row=Proposed (FastText field-aware)|col=20%|macro_f1=72.1568 eval_capped=False
2026-06-03T07:58:53+00:00,evaluate_table3,6904997-dirty,configs/finetune/label_50pct.yaml,43,3ce0e30a2e51,7769ea2c62c8,scripts/12_evaluate.py --config configs/finetune/label_50pct.yaml --seed 43 --table 3,<REPO>/results\table_03_rq1_baselines\cells\proposed-fasttext-field-aware__50__seed43.json,row=Proposed (FastText field-aware)|col=50%|macro_f1=78.189 eval_capped=False
2026-06-03T07:59:22+00:00,baseline_deeplog,6904997-dirty,<REPO>/configs/baselines/deeplog.yaml,46,3ce0e30a2e51,7769ea2c62c8,<REPO>/scripts/20_run_baseline.py --config <REPO>/configs/baselines/deeplog.yaml --seed 46 --device cpu,<REPO>/results\table_03_rq1_baselines\deeplog.json,value=12.0098 eval_capped=False
2026-06-03T07:59:36+00:00,evaluate_table5,6904997-dirty,configs/ablation/flat_no_typed_embed.yaml,42,3ce0e30a2e51,7769ea2c62c8,scripts/12_evaluate.py --config configs/ablation/flat_no_typed_embed.yaml --seed 42 --table 5,<REPO>/results\table_05_field_granularity\cells\flat-no-typed-embedding__5__seed42.json,row=Flat (no typed embedding)|col=5%|macro_f1=57.2177 eval_capped=False
2026-06-03T07:59:53+00:00,evaluate_table5,6904997-dirty,configs/ablation/three_field.yaml,42,3ce0e30a2e51,7769ea2c62c8,scripts/12_evaluate.py --config configs/ablation/three_field.yaml --seed 42 --table 5,<REPO>/results\table_05_field_granularity\cells\3-field-request-client-response__5__seed42.json,row=3-field (request/client/response)|col=5%|macro_f1=64.6608 eval_capped=False
2026-06-03T08:00:13+00:00,evaluate_table5,6904997-dirty,configs/ablation/six_field.yaml,42,3ce0e30a2e51,7769ea2c62c8,scripts/12_evaluate.py --config configs/ablation/six_field.yaml --seed 42 --table 5,<REPO>/results\table_05_field_granularity\cells\6-field-proposed__5__seed42.json,row=6-field (proposed)|col=5%|macro_f1=65.1035 eval_capped=False
2026-06-03T08:00:30+00:00,evaluate_table5,6904997-dirty,configs/ablation/six_field_status_masked.yaml,42,3ce0e30a2e51,7769ea2c62c8,scripts/12_evaluate.py --config configs/ablation/six_field_status_masked.yaml --seed 42 --table 5,<REPO>/results\table_05_field_granularity\cells\6-field-status-masked__5__seed42.json,"row=6-field, status masked|col=5%|macro_f1=61.2883 eval_capped=False"
2026-06-03T08:00:45+00:00,evaluate_table5,6904997-dirty,configs/ablation/flat_no_typed_embed.yaml,43,3ce0e30a2e51,7769ea2c62c8,scripts/12_evaluate.py --config configs/ablation/flat_no_typed_embed.yaml --seed 43 --table 5,<REPO>/results\table_05_field_granularity\cells\flat-no-typed-embedding__5__seed43.json,row=Flat (no typed embedding)|col=5%|macro_f1=57.2177 eval_capped=False
2026-06-03T08:01:03+00:00,evaluate_table5,6904997-dirty,configs/ablation/three_field.yaml,43,3ce0e30a2e51,7769ea2c62c8,scripts/12_evaluate.py --config configs/ablation/three_field.yaml --seed 43 --table 5,<REPO>/results\table_05_field_granularity\cells\3-field-request-client-response__5__seed43.json,row=3-field (request/client/response)|col=5%|macro_f1=64.6608 eval_capped=False
2026-06-03T08:01:24+00:00,evaluate_table5,6904997-dirty,configs/ablation/six_field.yaml,43,3ce0e30a2e51,7769ea2c62c8,scripts/12_evaluate.py --config configs/ablation/six_field.yaml --seed 43 --table 5,<REPO>/results\table_05_field_granularity\cells\6-field-proposed__5__seed43.json,row=6-field (proposed)|col=5%|macro_f1=65.1035 eval_capped=False
2026-06-03T08:01:43+00:00,evaluate_table5,6904997-dirty,configs/ablation/six_field_status_masked.yaml,43,3ce0e30a2e51,7769ea2c62c8,scripts/12_evaluate.py --config configs/ablation/six_field_status_masked.yaml --seed 43 --table 5,<REPO>/results\table_05_field_granularity\cells\6-field-status-masked__5__seed43.json,"row=6-field, status masked|col=5%|macro_f1=61.2883 eval_capped=False"
2026-06-03T08:01:52+00:00,evaluate_table5,6904997-dirty,configs/ablation/flat_no_typed_embed.yaml,44,3ce0e30a2e51,7769ea2c62c8,scripts/12_evaluate.py --config configs/ablation/flat_no_typed_embed.yaml --seed 44 --table 5,<REPO>/results\table_05_field_granularity\cells\flat-no-typed-embedding__5__seed44.json,row=Flat (no typed embedding)|col=5%|macro_f1=57.2177 eval_capped=False
2026-06-03T08:02:03+00:00,evaluate_table5,6904997-dirty,configs/ablation/three_field.yaml,44,3ce0e30a2e51,7769ea2c62c8,scripts/12_evaluate.py --config configs/ablation/three_field.yaml --seed 44 --table 5,<REPO>/results\table_05_field_granularity\cells\3-field-request-client-response__5__seed44.json,row=3-field (request/client/response)|col=5%|macro_f1=64.6608 eval_capped=False
2026-06-03T08:02:15+00:00,evaluate_table3,6904997-dirty,configs/finetune/label_0pct.yaml,44,3ce0e30a2e51,7769ea2c62c8,scripts/12_evaluate.py --config configs/finetune/label_0pct.yaml --seed 44 --table 3,<REPO>/results\table_03_rq1_baselines\cells\proposed-fasttext-field-aware__0__seed44.json,row=Proposed (FastText field-aware)|col=0%|mean_anomaly_score=7.3764 eval_capped=False
2026-06-03T08:02:17+00:00,evaluate_table5,6904997-dirty,configs/ablation/six_field.yaml,44,3ce0e30a2e51,7769ea2c62c8,scripts/12_evaluate.py --config configs/ablation/six_field.yaml --seed 44 --table 5,<REPO>/results\table_05_field_granularity\cells\6-field-proposed__5__seed44.json,row=6-field (proposed)|col=5%|macro_f1=65.1035 eval_capped=False
2026-06-03T08:02:24+00:00,evaluate_table3,6904997-dirty,configs/finetune/label_1pct.yaml,44,3ce0e30a2e51,7769ea2c62c8,scripts/12_evaluate.py --config configs/finetune/label_1pct.yaml --seed 44 --table 3,<REPO>/results\table_03_rq1_baselines\cells\proposed-fasttext-field-aware__1__seed44.json,row=Proposed (FastText field-aware)|col=1%|macro_f1=38.2422 eval_capped=False
2026-06-03T08:02:27+00:00,evaluate_table5,6904997-dirty,configs/ablation/six_field_status_masked.yaml,44,3ce0e30a2e51,7769ea2c62c8,scripts/12_evaluate.py --config configs/ablation/six_field_status_masked.yaml --seed 44 --table 5,<REPO>/results\table_05_field_granularity\cells\6-field-status-masked__5__seed44.json,"row=6-field, status masked|col=5%|macro_f1=61.2883 eval_capped=False"
2026-06-03T08:02:35+00:00,evaluate_table3,6904997-dirty,configs/finetune/label_5pct.yaml,44,3ce0e30a2e51,7769ea2c62c8,scripts/12_evaluate.py --config configs/finetune/label_5pct.yaml --seed 44 --table 3,<REPO>/results\table_03_rq1_baselines\cells\proposed-fasttext-field-aware__5__seed44.json,row=Proposed (FastText field-aware)|col=5%|macro_f1=65.1035 eval_capped=False
2026-06-03T08:02:36+00:00,evaluate_table5,6904997-dirty,configs/ablation/flat_no_typed_embed.yaml,45,3ce0e30a2e51,7769ea2c62c8,scripts/12_evaluate.py --config configs/ablation/flat_no_typed_embed.yaml --seed 45 --table 5,<REPO>/results\table_05_field_granularity\cells\flat-no-typed-embedding__5__seed45.json,row=Flat (no typed embedding)|col=5%|macro_f1=57.2177 eval_capped=False
2026-06-03T08:02:47+00:00,evaluate_table5,6904997-dirty,configs/ablation/three_field.yaml,45,3ce0e30a2e51,7769ea2c62c8,scripts/12_evaluate.py --config configs/ablation/three_field.yaml --seed 45 --table 5,<REPO>/results\table_05_field_granularity\cells\3-field-request-client-response__5__seed45.json,row=3-field (request/client/response)|col=5%|macro_f1=64.6608 eval_capped=False
2026-06-03T08:02:49+00:00,evaluate_table3,6904997-dirty,configs/finetune/label_10pct.yaml,44,3ce0e30a2e51,7769ea2c62c8,scripts/12_evaluate.py --config configs/finetune/label_10pct.yaml --seed 44 --table 3,<REPO>/results\table_03_rq1_baselines\cells\proposed-fasttext-field-aware__10__seed44.json,row=Proposed (FastText field-aware)|col=10%|macro_f1=73.6091 eval_capped=False
2026-06-03T08:03:07+00:00,evaluate_table5,6904997-dirty,configs/ablation/six_field.yaml,45,3ce0e30a2e51,7769ea2c62c8,scripts/12_evaluate.py --config configs/ablation/six_field.yaml --seed 45 --table 5,<REPO>/results\table_05_field_granularity\cells\6-field-proposed__5__seed45.json,row=6-field (proposed)|col=5%|macro_f1=65.1035 eval_capped=False
2026-06-03T08:03:27+00:00,evaluate_table5,6904997-dirty,configs/ablation/six_field_status_masked.yaml,45,3ce0e30a2e51,7769ea2c62c8,scripts/12_evaluate.py --config configs/ablation/six_field_status_masked.yaml --seed 45 --table 5,<REPO>/results\table_05_field_granularity\cells\6-field-status-masked__5__seed45.json,"row=6-field, status masked|col=5%|macro_f1=61.2883 eval_capped=False"
2026-06-03T08:03:28+00:00,evaluate_table3,6904997-dirty,configs/finetune/label_20pct.yaml,44,3ce0e30a2e51,7769ea2c62c8,scripts/12_evaluate.py --config configs/finetune/label_20pct.yaml --seed 44 --table 3,<REPO>/results\table_03_rq1_baselines\cells\proposed-fasttext-field-aware__20__seed44.json,row=Proposed (FastText field-aware)|col=20%|macro_f1=72.1568 eval_capped=False
2026-06-03T08:03:43+00:00,evaluate_table5,6904997-dirty,configs/ablation/flat_no_typed_embed.yaml,46,3ce0e30a2e51,7769ea2c62c8,scripts/12_evaluate.py --config configs/ablation/flat_no_typed_embed.yaml --seed 46 --table 5,<REPO>/results\table_05_field_granularity\cells\flat-no-typed-embedding__5__seed46.json,row=Flat (no typed embedding)|col=5%|macro_f1=57.2177 eval_capped=False
2026-06-03T08:04:01+00:00,evaluate_table5,6904997-dirty,configs/ablation/three_field.yaml,46,3ce0e30a2e51,7769ea2c62c8,scripts/12_evaluate.py --config configs/ablation/three_field.yaml --seed 46 --table 5,<REPO>/results\table_05_field_granularity\cells\3-field-request-client-response__5__seed46.json,row=3-field (request/client/response)|col=5%|macro_f1=64.6608 eval_capped=False
2026-06-03T08:04:23+00:00,evaluate_table5,6904997-dirty,configs/ablation/six_field.yaml,46,3ce0e30a2e51,7769ea2c62c8,scripts/12_evaluate.py --config configs/ablation/six_field.yaml --seed 46 --table 5,<REPO>/results\table_05_field_granularity\cells\6-field-proposed__5__seed46.json,row=6-field (proposed)|col=5%|macro_f1=65.1035 eval_capped=False
2026-06-03T08:04:44+00:00,evaluate_table5,6904997-dirty,configs/ablation/six_field_status_masked.yaml,46,3ce0e30a2e51,7769ea2c62c8,scripts/12_evaluate.py --config configs/ablation/six_field_status_masked.yaml --seed 46 --table 5,<REPO>/results\table_05_field_granularity\cells\6-field-status-masked__5__seed46.json,"row=6-field, status masked|col=5%|macro_f1=61.2883 eval_capped=False"
2026-06-03T08:04:45+00:00,evaluate_table3,6904997-dirty,configs/finetune/label_50pct.yaml,44,3ce0e30a2e51,7769ea2c62c8,scripts/12_evaluate.py --config configs/finetune/label_50pct.yaml --seed 44 --table 3,<REPO>/results\table_03_rq1_baselines\cells\proposed-fasttext-field-aware__50__seed44.json,row=Proposed (FastText field-aware)|col=50%|macro_f1=78.189 eval_capped=False
2026-06-03T08:05:05+00:00,evaluate_table6,6904997-dirty,configs/finetune/label_5pct.yaml,42,3ce0e30a2e51,7769ea2c62c8,scripts/12_evaluate.py --config configs/finetune/label_5pct.yaml --seed 42 --table 6,<REPO>/results\table_06_per_class_owasp\cells\proposed-fasttext-field-aware__5__seed42.json,row=Proposed (FastText field-aware)|col=5%|macro_f1=65.1035 eval_capped=False
2026-06-03T08:05:26+00:00,evaluate_table6,6904997-dirty,configs/finetune/label_5pct.yaml,43,3ce0e30a2e51,7769ea2c62c8,scripts/12_evaluate.py --config configs/finetune/label_5pct.yaml --seed 43 --table 6,<REPO>/results\table_06_per_class_owasp\cells\proposed-fasttext-field-aware__5__seed43.json,row=Proposed (FastText field-aware)|col=5%|macro_f1=65.1035 eval_capped=False
2026-06-03T08:05:46+00:00,evaluate_table6,6904997-dirty,configs/finetune/label_5pct.yaml,44,3ce0e30a2e51,7769ea2c62c8,scripts/12_evaluate.py --config configs/finetune/label_5pct.yaml --seed 44 --table 6,<REPO>/results\table_06_per_class_owasp\cells\proposed-fasttext-field-aware__5__seed44.json,row=Proposed (FastText field-aware)|col=5%|macro_f1=65.1035 eval_capped=False
2026-06-03T08:06:07+00:00,evaluate_table6,6904997-dirty,configs/finetune/label_5pct.yaml,45,3ce0e30a2e51,7769ea2c62c8,scripts/12_evaluate.py --config configs/finetune/label_5pct.yaml --seed 45 --table 6,<REPO>/results\table_06_per_class_owasp\cells\proposed-fasttext-field-aware__5__seed45.json,row=Proposed (FastText field-aware)|col=5%|macro_f1=65.1035 eval_capped=False
2026-06-03T08:06:25+00:00,evaluate_table6,6904997-dirty,configs/finetune/label_5pct.yaml,46,3ce0e30a2e51,7769ea2c62c8,scripts/12_evaluate.py --config configs/finetune/label_5pct.yaml --seed 46 --table 6,<REPO>/results\table_06_per_class_owasp\cells\proposed-fasttext-field-aware__5__seed46.json,row=Proposed (FastText field-aware)|col=5%|macro_f1=65.1035 eval_capped=False
2026-06-03T08:07:08+00:00,attribution_table7,6904997-dirty,configs/ablation/six_field.yaml,42,3ce0e30a2e51,7769ea2c62c8,scripts/41_attribution_eval.py --config configs/ablation/six_field.yaml --seed 42,<REPO>/results\table_07_attribution\results.json,macro_agreement=25.493|n=19646 eval_capped=False
2026-06-03T08:07:49+00:00,attribution_table7,6904997-dirty,configs/ablation/six_field.yaml,43,3ce0e30a2e51,7769ea2c62c8,scripts/41_attribution_eval.py --config configs/ablation/six_field.yaml --seed 43,<REPO>/results\table_07_attribution\results.json,macro_agreement=25.493|n=19646 eval_capped=False
2026-06-03T08:08:30+00:00,attribution_table7,6904997-dirty,configs/ablation/six_field.yaml,44,3ce0e30a2e51,7769ea2c62c8,scripts/41_attribution_eval.py --config configs/ablation/six_field.yaml --seed 44,<REPO>/results\table_07_attribution\results.json,macro_agreement=25.493|n=19646 eval_capped=False
2026-06-03T08:08:50+00:00,evaluate_table3,6904997-dirty,configs/finetune/label_0pct.yaml,45,3ce0e30a2e51,7769ea2c62c8,scripts/12_evaluate.py --config configs/finetune/label_0pct.yaml --seed 45 --table 3,<REPO>/results\table_03_rq1_baselines\cells\proposed-fasttext-field-aware__0__seed45.json,row=Proposed (FastText field-aware)|col=0%|mean_anomaly_score=7.3764 eval_capped=False
2026-06-03T08:09:06+00:00,evaluate_table3,6904997-dirty,configs/finetune/label_1pct.yaml,45,3ce0e30a2e51,7769ea2c62c8,scripts/12_evaluate.py --config configs/finetune/label_1pct.yaml --seed 45 --table 3,<REPO>/results\table_03_rq1_baselines\cells\proposed-fasttext-field-aware__1__seed45.json,row=Proposed (FastText field-aware)|col=1%|macro_f1=38.2422 eval_capped=False
2026-06-03T08:09:18+00:00,attribution_table7,6904997-dirty,configs/ablation/six_field.yaml,45,3ce0e30a2e51,7769ea2c62c8,scripts/41_attribution_eval.py --config configs/ablation/six_field.yaml --seed 45,<REPO>/results\table_07_attribution\results.json,macro_agreement=25.493|n=19646 eval_capped=False
2026-06-03T08:09:26+00:00,evaluate_table3,6904997-dirty,configs/finetune/label_5pct.yaml,45,3ce0e30a2e51,7769ea2c62c8,scripts/12_evaluate.py --config configs/finetune/label_5pct.yaml --seed 45 --table 3,<REPO>/results\table_03_rq1_baselines\cells\proposed-fasttext-field-aware__5__seed45.json,row=Proposed (FastText field-aware)|col=5%|macro_f1=65.1035 eval_capped=False
2026-06-03T08:09:52+00:00,evaluate_table3,6904997-dirty,configs/finetune/label_10pct.yaml,45,3ce0e30a2e51,7769ea2c62c8,scripts/12_evaluate.py --config configs/finetune/label_10pct.yaml --seed 45 --table 3,<REPO>/results\table_03_rq1_baselines\cells\proposed-fasttext-field-aware__10__seed45.json,row=Proposed (FastText field-aware)|col=10%|macro_f1=73.6091 eval_capped=False
2026-06-03T08:10:00+00:00,attribution_table7,6904997-dirty,configs/ablation/six_field.yaml,46,3ce0e30a2e51,7769ea2c62c8,scripts/41_attribution_eval.py --config configs/ablation/six_field.yaml --seed 46,<REPO>/results\table_07_attribution\results.json,macro_agreement=25.493|n=19646 eval_capped=False
2026-06-03T08:10:13+00:00,latency_table8,6904997-dirty,configs/finetune/label_5pct.yaml,42,3ce0e30a2e51,7769ea2c62c8,scripts/40_measure_latency.py --config configs/finetune/label_5pct.yaml --seed 42,<REPO>/results\table_08_latency\results.json,end_to_end_mean_ms=0.5155|footprint_mb=131.4486|single_run_measured eval_capped=False
2026-06-03T08:10:29+00:00,evaluate_table3,dcf5e62-dirty,configs/finetune/label_20pct.yaml,45,3ce0e30a2e51,7769ea2c62c8,scripts/12_evaluate.py --config configs/finetune/label_20pct.yaml --seed 45 --table 3,<REPO>/results\table_03_rq1_baselines\cells\proposed-fasttext-field-aware__20__seed45.json,row=Proposed (FastText field-aware)|col=20%|macro_f1=72.1568 eval_capped=False
2026-06-03T08:11:35+00:00,evaluate_table3,dcf5e62-dirty,configs/finetune/label_50pct.yaml,45,3ce0e30a2e51,7769ea2c62c8,scripts/12_evaluate.py --config configs/finetune/label_50pct.yaml --seed 45 --table 3,<REPO>/results\table_03_rq1_baselines\cells\proposed-fasttext-field-aware__50__seed45.json,row=Proposed (FastText field-aware)|col=50%|macro_f1=78.189 eval_capped=False
2026-06-03T08:13:02+00:00,evaluate_table3,dcf5e62-dirty,configs/finetune/label_0pct.yaml,46,3ce0e30a2e51,7769ea2c62c8,scripts/12_evaluate.py --config configs/finetune/label_0pct.yaml --seed 46 --table 3,<REPO>/results\table_03_rq1_baselines\cells\proposed-fasttext-field-aware__0__seed46.json,row=Proposed (FastText field-aware)|col=0%|mean_anomaly_score=7.3764 eval_capped=False
2026-06-03T08:13:13+00:00,evaluate_table3,dcf5e62-dirty,configs/finetune/label_1pct.yaml,46,3ce0e30a2e51,7769ea2c62c8,scripts/12_evaluate.py --config configs/finetune/label_1pct.yaml --seed 46 --table 3,<REPO>/results\table_03_rq1_baselines\cells\proposed-fasttext-field-aware__1__seed46.json,row=Proposed (FastText field-aware)|col=1%|macro_f1=38.2422 eval_capped=False
2026-06-03T08:13:24+00:00,evaluate_table3,dcf5e62-dirty,configs/finetune/label_5pct.yaml,46,3ce0e30a2e51,7769ea2c62c8,scripts/12_evaluate.py --config configs/finetune/label_5pct.yaml --seed 46 --table 3,<REPO>/results\table_03_rq1_baselines\cells\proposed-fasttext-field-aware__5__seed46.json,row=Proposed (FastText field-aware)|col=5%|macro_f1=65.1035 eval_capped=False
2026-06-03T08:13:39+00:00,evaluate_table3,dcf5e62-dirty,configs/finetune/label_10pct.yaml,46,3ce0e30a2e51,7769ea2c62c8,scripts/12_evaluate.py --config configs/finetune/label_10pct.yaml --seed 46 --table 3,<REPO>/results\table_03_rq1_baselines\cells\proposed-fasttext-field-aware__10__seed46.json,row=Proposed (FastText field-aware)|col=10%|macro_f1=73.6091 eval_capped=False
2026-06-03T08:13:59+00:00,evaluate_table3,dcf5e62-dirty,configs/finetune/label_20pct.yaml,46,3ce0e30a2e51,7769ea2c62c8,scripts/12_evaluate.py --config configs/finetune/label_20pct.yaml --seed 46 --table 3,<REPO>/results\table_03_rq1_baselines\cells\proposed-fasttext-field-aware__20__seed46.json,row=Proposed (FastText field-aware)|col=20%|macro_f1=72.1568 eval_capped=False
2026-06-03T08:14:37+00:00,evaluate_table3,dcf5e62-dirty,configs/finetune/label_50pct.yaml,46,3ce0e30a2e51,7769ea2c62c8,scripts/12_evaluate.py --config configs/finetune/label_50pct.yaml --seed 46 --table 3,<REPO>/results\table_03_rq1_baselines\cells\proposed-fasttext-field-aware__50__seed46.json,row=Proposed (FastText field-aware)|col=50%|macro_f1=78.189 eval_capped=False
2026-06-03T08:15:36+00:00,evaluate_table5,dcf5e62-dirty,configs/ablation/flat_no_typed_embed.yaml,42,3ce0e30a2e51,7769ea2c62c8,scripts/12_evaluate.py --config configs/ablation/flat_no_typed_embed.yaml --seed 42 --table 5,<REPO>/results\table_05_field_granularity\cells\flat-no-typed-embedding__5__seed42.json,row=Flat (no typed embedding)|col=5%|macro_f1=57.2177 eval_capped=False
2026-06-03T08:15:46+00:00,evaluate_table5,dcf5e62-dirty,configs/ablation/three_field.yaml,42,3ce0e30a2e51,7769ea2c62c8,scripts/12_evaluate.py --config configs/ablation/three_field.yaml --seed 42 --table 5,<REPO>/results\table_05_field_granularity\cells\3-field-request-client-response__5__seed42.json,row=3-field (request/client/response)|col=5%|macro_f1=64.6608 eval_capped=False
2026-06-03T08:15:56+00:00,evaluate_table6,dcf5e62-dirty,configs/finetune/label_5pct.yaml,42,3ce0e30a2e51,7769ea2c62c8,scripts/12_evaluate.py --config configs/finetune/label_5pct.yaml --seed 42 --table 6,<REPO>/results\table_06_per_class_owasp\cells\proposed-fasttext-field-aware__5__seed42.json,row=Proposed (FastText field-aware)|col=5%|macro_f1=65.1035 eval_capped=False
2026-06-03T08:15:59+00:00,evaluate_table5,dcf5e62-dirty,configs/ablation/six_field.yaml,42,3ce0e30a2e51,7769ea2c62c8,scripts/12_evaluate.py --config configs/ablation/six_field.yaml --seed 42 --table 5,<REPO>/results\table_05_field_granularity\cells\6-field-proposed__5__seed42.json,row=6-field (proposed)|col=5%|macro_f1=65.1035 eval_capped=False
2026-06-03T08:16:08+00:00,evaluate_table6,dcf5e62-dirty,configs/finetune/label_5pct.yaml,43,3ce0e30a2e51,7769ea2c62c8,scripts/12_evaluate.py --config configs/finetune/label_5pct.yaml --seed 43 --table 6,<REPO>/results\table_06_per_class_owasp\cells\proposed-fasttext-field-aware__5__seed43.json,row=Proposed (FastText field-aware)|col=5%|macro_f1=65.1035 eval_capped=False
2026-06-03T08:16:09+00:00,evaluate_table5,dcf5e62-dirty,configs/ablation/flat_no_typed_embed.yaml,43,3ce0e30a2e51,7769ea2c62c8,scripts/12_evaluate.py --config configs/ablation/flat_no_typed_embed.yaml --seed 43 --table 5,<REPO>/results\table_05_field_granularity\cells\flat-no-typed-embedding__5__seed43.json,row=Flat (no typed embedding)|col=5%|macro_f1=57.2177 eval_capped=False
2026-06-03T08:16:32+00:00,evaluate_table5,dcf5e62-dirty,configs/ablation/three_field.yaml,43,3ce0e30a2e51,7769ea2c62c8,scripts/12_evaluate.py --config configs/ablation/three_field.yaml --seed 43 --table 5,<REPO>/results\table_05_field_granularity\cells\3-field-request-client-response__5__seed43.json,row=3-field (request/client/response)|col=5%|macro_f1=64.6608 eval_capped=False
2026-06-03T08:16:35+00:00,evaluate_table6,dcf5e62-dirty,configs/finetune/label_5pct.yaml,44,3ce0e30a2e51,7769ea2c62c8,scripts/12_evaluate.py --config configs/finetune/label_5pct.yaml --seed 44 --table 6,<REPO>/results\table_06_per_class_owasp\cells\proposed-fasttext-field-aware__5__seed44.json,row=Proposed (FastText field-aware)|col=5%|macro_f1=65.1035 eval_capped=False
2026-06-03T08:16:59+00:00,evaluate_table5,dcf5e62-dirty,configs/ablation/six_field.yaml,43,3ce0e30a2e51,7769ea2c62c8,scripts/12_evaluate.py --config configs/ablation/six_field.yaml --seed 43 --table 5,<REPO>/results\table_05_field_granularity\cells\6-field-proposed__5__seed43.json,row=6-field (proposed)|col=5%|macro_f1=65.1035 eval_capped=False
2026-06-03T08:17:01+00:00,evaluate_table6,dcf5e62-dirty,configs/finetune/label_5pct.yaml,45,3ce0e30a2e51,7769ea2c62c8,scripts/12_evaluate.py --config configs/finetune/label_5pct.yaml --seed 45 --table 6,<REPO>/results\table_06_per_class_owasp\cells\proposed-fasttext-field-aware__5__seed45.json,row=Proposed (FastText field-aware)|col=5%|macro_f1=65.1035 eval_capped=False
2026-06-03T08:17:03+00:00,attribution_table7,dcf5e62-dirty,configs/ablation/six_field.yaml,42,3ce0e30a2e51,7769ea2c62c8,scripts/41_attribution_eval.py --config configs/ablation/six_field.yaml --seed 42,<REPO>/results\table_07_attribution\results.json,macro_agreement=25.493|n=19646 eval_capped=False
2026-06-03T08:17:10+00:00,evaluate_table5,dcf5e62-dirty,configs/ablation/flat_no_typed_embed.yaml,44,3ce0e30a2e51,7769ea2c62c8,scripts/12_evaluate.py --config configs/ablation/flat_no_typed_embed.yaml --seed 44 --table 5,<REPO>/results\table_05_field_granularity\cells\flat-no-typed-embedding__5__seed44.json,row=Flat (no typed embedding)|col=5%|macro_f1=57.2177 eval_capped=False
2026-06-03T08:17:13+00:00,evaluate_table6,dcf5e62-dirty,configs/finetune/label_5pct.yaml,46,3ce0e30a2e51,7769ea2c62c8,scripts/12_evaluate.py --config configs/finetune/label_5pct.yaml --seed 46 --table 6,<REPO>/results\table_06_per_class_owasp\cells\proposed-fasttext-field-aware__5__seed46.json,row=Proposed (FastText field-aware)|col=5%|macro_f1=65.1035 eval_capped=False
2026-06-03T08:17:20+00:00,evaluate_table5,dcf5e62-dirty,configs/ablation/three_field.yaml,44,3ce0e30a2e51,7769ea2c62c8,scripts/12_evaluate.py --config configs/ablation/three_field.yaml --seed 44 --table 5,<REPO>/results\table_05_field_granularity\cells\3-field-request-client-response__5__seed44.json,row=3-field (request/client/response)|col=5%|macro_f1=64.6608 eval_capped=False
2026-06-03T08:17:22+00:00,attribution_table7,dcf5e62-dirty,configs/ablation/six_field.yaml,43,3ce0e30a2e51,7769ea2c62c8,scripts/41_attribution_eval.py --config configs/ablation/six_field.yaml --seed 43,<REPO>/results\table_07_attribution\results.json,macro_agreement=25.493|n=19646 eval_capped=False
2026-06-03T08:17:32+00:00,evaluate_table5,dcf5e62-dirty,configs/ablation/six_field.yaml,44,3ce0e30a2e51,7769ea2c62c8,scripts/12_evaluate.py --config configs/ablation/six_field.yaml --seed 44 --table 5,<REPO>/results\table_05_field_granularity\cells\6-field-proposed__5__seed44.json,row=6-field (proposed)|col=5%|macro_f1=65.1035 eval_capped=False
2026-06-03T08:17:36+00:00,cross_dataset_csic,dcf5e62-dirty,configs/finetune/label_0pct.yaml,42,3ce0e30a2e51,7769ea2c62c8,scripts/13_cross_dataset_csic.py --config configs/finetune/label_0pct.yaml --seed 42,<REPO>/results\table_09_cross_dataset_csic,roc_auc=0.6791|n=61065 eval_capped=False
2026-06-03T08:17:41+00:00,attribution_table7,dcf5e62-dirty,configs/ablation/six_field.yaml,44,3ce0e30a2e51,7769ea2c62c8,scripts/41_attribution_eval.py --config configs/ablation/six_field.yaml --seed 44,<REPO>/results\table_07_attribution\results.json,macro_agreement=25.493|n=19646 eval_capped=False
2026-06-03T08:17:43+00:00,evaluate_table5,dcf5e62-dirty,configs/ablation/flat_no_typed_embed.yaml,45,3ce0e30a2e51,7769ea2c62c8,scripts/12_evaluate.py --config configs/ablation/flat_no_typed_embed.yaml --seed 45 --table 5,<REPO>/results\table_05_field_granularity\cells\flat-no-typed-embedding__5__seed45.json,row=Flat (no typed embedding)|col=5%|macro_f1=57.2177 eval_capped=False
2026-06-03T08:17:53+00:00,evaluate_table5,dcf5e62-dirty,configs/ablation/three_field.yaml,45,3ce0e30a2e51,7769ea2c62c8,scripts/12_evaluate.py --config configs/ablation/three_field.yaml --seed 45 --table 5,<REPO>/results\table_05_field_granularity\cells\3-field-request-client-response__5__seed45.json,row=3-field (request/client/response)|col=5%|macro_f1=64.6608 eval_capped=False
2026-06-03T08:18:00+00:00,attribution_table7,dcf5e62-dirty,configs/ablation/six_field.yaml,45,3ce0e30a2e51,7769ea2c62c8,scripts/41_attribution_eval.py --config configs/ablation/six_field.yaml --seed 45,<REPO>/results\table_07_attribution\results.json,macro_agreement=25.493|n=19646 eval_capped=False
2026-06-03T08:18:06+00:00,evaluate_table5,dcf5e62-dirty,configs/ablation/six_field.yaml,45,3ce0e30a2e51,7769ea2c62c8,scripts/12_evaluate.py --config configs/ablation/six_field.yaml --seed 45 --table 5,<REPO>/results\table_05_field_granularity\cells\6-field-proposed__5__seed45.json,row=6-field (proposed)|col=5%|macro_f1=65.1035 eval_capped=False
2026-06-03T08:18:22+00:00,evaluate_table5,dcf5e62-dirty,configs/ablation/flat_no_typed_embed.yaml,46,3ce0e30a2e51,7769ea2c62c8,scripts/12_evaluate.py --config configs/ablation/flat_no_typed_embed.yaml --seed 46 --table 5,<REPO>/results\table_05_field_granularity\cells\flat-no-typed-embedding__5__seed46.json,row=Flat (no typed embedding)|col=5%|macro_f1=57.2177 eval_capped=False
2026-06-03T08:18:39+00:00,evaluate_table5,dcf5e62-dirty,configs/ablation/three_field.yaml,46,3ce0e30a2e51,7769ea2c62c8,scripts/12_evaluate.py --config configs/ablation/three_field.yaml --seed 46 --table 5,<REPO>/results\table_05_field_granularity\cells\3-field-request-client-response__5__seed46.json,row=3-field (request/client/response)|col=5%|macro_f1=64.6608 eval_capped=False
2026-06-03T08:18:40+00:00,attribution_table7,dcf5e62-dirty,configs/ablation/six_field.yaml,46,3ce0e30a2e51,7769ea2c62c8,scripts/41_attribution_eval.py --config configs/ablation/six_field.yaml --seed 46,<REPO>/results\table_07_attribution\results.json,macro_agreement=25.493|n=19646 eval_capped=False
2026-06-03T08:19:00+00:00,evaluate_table5,dcf5e62-dirty,configs/ablation/six_field.yaml,46,3ce0e30a2e51,7769ea2c62c8,scripts/12_evaluate.py --config configs/ablation/six_field.yaml --seed 46 --table 5,<REPO>/results\table_05_field_granularity\cells\6-field-proposed__5__seed46.json,row=6-field (proposed)|col=5%|macro_f1=65.1035 eval_capped=False
2026-06-03T08:19:23+00:00,attribution_table7,dcf5e62-dirty,configs/ablation/six_field.yaml,46,3ce0e30a2e51,7769ea2c62c8,scripts/41_attribution_eval.py --config configs/ablation/six_field.yaml --seed 46 --aggregate,<REPO>/results\table_07_attribution\results.json,macro_agreement=25.493|n=19646 eval_capped=False
2026-06-03T08:22:34+00:00,cross_dataset_csic,dcf5e62-dirty,configs/finetune/label_0pct.yaml,43,3ce0e30a2e51,7769ea2c62c8,scripts/13_cross_dataset_csic.py --config configs/finetune/label_0pct.yaml --seed 43,<REPO>/results\table_09_cross_dataset_csic,roc_auc=0.6791|n=61065 eval_capped=False
2026-06-03T08:25:17+00:00,cross_dataset_csic,dcf5e62-dirty,configs/finetune/label_0pct.yaml,44,3ce0e30a2e51,7769ea2c62c8,scripts/13_cross_dataset_csic.py --config configs/finetune/label_0pct.yaml --seed 44,<REPO>/results\table_09_cross_dataset_csic,roc_auc=0.6791|n=61065 eval_capped=False
2026-06-03T08:28:01+00:00,cross_dataset_csic,dcf5e62-dirty,configs/finetune/label_0pct.yaml,45,3ce0e30a2e51,7769ea2c62c8,scripts/13_cross_dataset_csic.py --config configs/finetune/label_0pct.yaml --seed 45,<REPO>/results\table_09_cross_dataset_csic,roc_auc=0.6791|n=61065 eval_capped=False
2026-06-03T08:30:50+00:00,cross_dataset_csic,dcf5e62-dirty,configs/finetune/label_0pct.yaml,46,3ce0e30a2e51,7769ea2c62c8,scripts/13_cross_dataset_csic.py --config configs/finetune/label_0pct.yaml --seed 46,<REPO>/results\table_09_cross_dataset_csic,roc_auc=0.6791|n=61065 eval_capped=False
2026-06-03T08:46:15+00:00,cross_dataset_biblio_us17,dcf5e62-dirty,configs/finetune/label_0pct.yaml,42,3ce0e30a2e51,7769ea2c62c8,scripts/13_cross_dataset_biblio_us17.py --archive download/5.Biblio-US17/Biblio-US17 --seed 42 43 44 45 46 --batch-size 5000 --variants both,<REPO>/results\table_09_cross_dataset_biblio_us17,roc_auc=0.9801|n=109314|masked=False eval_capped=False; status_masked=False
2026-06-03T08:46:15+00:00,cross_dataset_biblio_us17,dcf5e62-dirty,configs/finetune/label_0pct.yaml,43,3ce0e30a2e51,7769ea2c62c8,scripts/13_cross_dataset_biblio_us17.py --archive download/5.Biblio-US17/Biblio-US17 --seed 42 43 44 45 46 --batch-size 5000 --variants both,<REPO>/results\table_09_cross_dataset_biblio_us17,roc_auc=0.9801|n=109314|masked=False eval_capped=False; status_masked=False
2026-06-03T08:46:16+00:00,cross_dataset_biblio_us17,dcf5e62-dirty,configs/finetune/label_0pct.yaml,44,3ce0e30a2e51,7769ea2c62c8,scripts/13_cross_dataset_biblio_us17.py --archive download/5.Biblio-US17/Biblio-US17 --seed 42 43 44 45 46 --batch-size 5000 --variants both,<REPO>/results\table_09_cross_dataset_biblio_us17,roc_auc=0.9801|n=109314|masked=False eval_capped=False; status_masked=False
2026-06-03T08:46:17+00:00,cross_dataset_biblio_us17,dcf5e62-dirty,configs/finetune/label_0pct.yaml,45,3ce0e30a2e51,7769ea2c62c8,scripts/13_cross_dataset_biblio_us17.py --archive download/5.Biblio-US17/Biblio-US17 --seed 42 43 44 45 46 --batch-size 5000 --variants both,<REPO>/results\table_09_cross_dataset_biblio_us17,roc_auc=0.9801|n=109314|masked=False eval_capped=False; status_masked=False
2026-06-03T08:46:17+00:00,cross_dataset_biblio_us17,dcf5e62-dirty,configs/finetune/label_0pct.yaml,46,3ce0e30a2e51,7769ea2c62c8,scripts/13_cross_dataset_biblio_us17.py --archive download/5.Biblio-US17/Biblio-US17 --seed 42 43 44 45 46 --batch-size 5000 --variants both,<REPO>/results\table_09_cross_dataset_biblio_us17,roc_auc=0.9801|n=109314|masked=False eval_capped=False; status_masked=False
2026-06-03T08:52:15+00:00,fasttext_sweep,dcf5e62-dirty,configs/finetune/label_5pct.yaml,42,3ce0e30a2e51,7769ea2c62c8,scripts/14_fasttext_sweep.py --config configs/finetune/label_5pct.yaml --seed 42,<REPO>/models\detector\fasttext_sweep\weblog_v64_n36.model,v64_n36|f1=62.1783|lat=0.135901|fp=66.175 eval_capped=False
2026-06-03T08:53:27+00:00,cross_dataset_biblio_us17,dcf5e62-dirty,configs/finetune/label_0pct.yaml,42,3ce0e30a2e51,7769ea2c62c8,scripts/13_cross_dataset_biblio_us17.py --archive download/5.Biblio-US17/Biblio-US17 --seed 42 43 44 45 46 --batch-size 5000 --variants both,<REPO>/results\table_09_cross_dataset_biblio_us17,roc_auc=0.5658|n=109314|masked=True eval_capped=False; status_masked=True
2026-06-03T08:53:28+00:00,cross_dataset_biblio_us17,dcf5e62-dirty,configs/finetune/label_0pct.yaml,43,3ce0e30a2e51,7769ea2c62c8,scripts/13_cross_dataset_biblio_us17.py --archive download/5.Biblio-US17/Biblio-US17 --seed 42 43 44 45 46 --batch-size 5000 --variants both,<REPO>/results\table_09_cross_dataset_biblio_us17,roc_auc=0.5658|n=109314|masked=True eval_capped=False; status_masked=True
2026-06-03T08:53:29+00:00,cross_dataset_biblio_us17,dcf5e62-dirty,configs/finetune/label_0pct.yaml,44,3ce0e30a2e51,7769ea2c62c8,scripts/13_cross_dataset_biblio_us17.py --archive download/5.Biblio-US17/Biblio-US17 --seed 42 43 44 45 46 --batch-size 5000 --variants both,<REPO>/results\table_09_cross_dataset_biblio_us17,roc_auc=0.5658|n=109314|masked=True eval_capped=False; status_masked=True
2026-06-03T08:53:30+00:00,cross_dataset_biblio_us17,dcf5e62-dirty,configs/finetune/label_0pct.yaml,45,3ce0e30a2e51,7769ea2c62c8,scripts/13_cross_dataset_biblio_us17.py --archive download/5.Biblio-US17/Biblio-US17 --seed 42 43 44 45 46 --batch-size 5000 --variants both,<REPO>/results\table_09_cross_dataset_biblio_us17,roc_auc=0.5658|n=109314|masked=True eval_capped=False; status_masked=True
2026-06-03T08:53:30+00:00,cross_dataset_biblio_us17,dcf5e62-dirty,configs/finetune/label_0pct.yaml,46,3ce0e30a2e51,7769ea2c62c8,scripts/13_cross_dataset_biblio_us17.py --archive download/5.Biblio-US17/Biblio-US17 --seed 42 43 44 45 46 --batch-size 5000 --variants both,<REPO>/results\table_09_cross_dataset_biblio_us17,roc_auc=0.5658|n=109314|masked=True eval_capped=False; status_masked=True
2026-06-03T08:58:47+00:00,fasttext_sweep,dcf5e62-dirty,configs/finetune/label_5pct.yaml,42,3ce0e30a2e51,7769ea2c62c8,scripts/14_fasttext_sweep.py --config configs/finetune/label_5pct.yaml --seed 42,<REPO>/models\detector\fasttext_sweep\weblog_v64_n28.model,v64_n28|f1=62.9809|lat=0.230026|fp=66.175 eval_capped=False
2026-06-03T08:59:16+00:00,fasttext_sweep,dcf5e62-dirty,configs/finetune/label_5pct.yaml,42,3ce0e30a2e51,7769ea2c62c8,scripts/14_fasttext_sweep.py --config configs/finetune/label_5pct.yaml --seed 42,<REPO>/models\detector\fasttext_sweep\weblog_v64_n36.model,v64_n36|f1=62.1783|lat=0.190966|fp=66.175 eval_capped=False
2026-06-03T09:07:05+00:00,fasttext_sweep,dcf5e62-dirty,configs/finetune/label_5pct.yaml,42,3ce0e30a2e51,7769ea2c62c8,scripts/14_fasttext_sweep.py --config configs/finetune/label_5pct.yaml --seed 42,<REPO>/models\detector\fasttext_sweep\weblog_v128_n36.model,v128_n36|f1=63.1908|lat=0.184202|fp=131.401 eval_capped=False
2026-06-03T09:07:10+00:00,fasttext_sweep,dcf5e62-dirty,configs/finetune/label_5pct.yaml,42,3ce0e30a2e51,7769ea2c62c8,scripts/14_fasttext_sweep.py --config configs/finetune/label_5pct.yaml --seed 42,<REPO>/models\detector\fasttext_sweep\weblog_v64_n28.model,v64_n28|f1=62.9809|lat=0.152995|fp=66.175 eval_capped=False
2026-06-03T09:14:40+00:00,fasttext_sweep,dcf5e62-dirty,configs/finetune/label_5pct.yaml,42,3ce0e30a2e51,7769ea2c62c8,scripts/14_fasttext_sweep.py --config configs/finetune/label_5pct.yaml --seed 42,<REPO>/models\detector\fasttext_sweep\weblog_v128_n36.model,v128_n36|f1=63.1908|lat=0.147753|fp=131.401 eval_capped=False
2026-06-03T09:16:33+00:00,fasttext_sweep,dcf5e62-dirty,configs/finetune/label_5pct.yaml,42,3ce0e30a2e51,7769ea2c62c8,scripts/14_fasttext_sweep.py --config configs/finetune/label_5pct.yaml --seed 42,<REPO>/models\detector\fasttext_sweep\weblog_v128_n28.model,v128_n28|f1=65.1035|lat=0.157653|fp=131.401 eval_capped=False
2026-06-03T09:23:15+00:00,fasttext_sweep,dcf5e62-dirty,configs/finetune/label_5pct.yaml,42,3ce0e30a2e51,7769ea2c62c8,scripts/14_fasttext_sweep.py --config configs/finetune/label_5pct.yaml --seed 42,<REPO>/models\detector\fasttext_sweep\weblog_v128_n28.model,v128_n28|f1=65.1035|lat=0.199521|fp=131.401 eval_capped=False
2026-06-03T09:26:22+00:00,fasttext_sweep,dcf5e62-dirty,configs/finetune/label_5pct.yaml,42,3ce0e30a2e51,7769ea2c62c8,scripts/14_fasttext_sweep.py --config configs/finetune/label_5pct.yaml --seed 42,<REPO>/models\detector\fasttext_sweep\weblog_v256_n36.model,v256_n36|f1=62.7334|lat=0.184438|fp=261.8532 eval_capped=False
2026-06-03T09:41:54+00:00,fasttext_sweep,dcf5e62-dirty,configs/finetune/label_5pct.yaml,42,3ce0e30a2e51,7769ea2c62c8,scripts/14_fasttext_sweep.py --config configs/finetune/label_5pct.yaml --seed 42,<REPO>/models\detector\fasttext_sweep\weblog_v256_n36.model,v256_n36|f1=62.7334|lat=0.147348|fp=261.8532 eval_capped=False
2026-06-03T09:43:28+00:00,baseline_status_only,dcf5e62-dirty,configs/baselines/status_only.yaml,42,3ce0e30a2e51,7769ea2c62c8,scripts/20_run_baseline.py --config configs/baselines/status_only.yaml --seed 42 --device cpu,<REPO>/results\table_03_rq1_baselines\status_only.json,value=17.5611 eval_capped=False
2026-06-03T09:43:33+00:00,baseline_status_only,dcf5e62-dirty,configs/baselines/status_only.yaml,43,3ce0e30a2e51,7769ea2c62c8,scripts/20_run_baseline.py --config configs/baselines/status_only.yaml --seed 43 --device cpu,<REPO>/results\table_03_rq1_baselines\status_only.json,value=17.5611 eval_capped=False
2026-06-03T09:43:38+00:00,baseline_status_only,dcf5e62-dirty,configs/baselines/status_only.yaml,44,3ce0e30a2e51,7769ea2c62c8,scripts/20_run_baseline.py --config configs/baselines/status_only.yaml --seed 44 --device cpu,<REPO>/results\table_03_rq1_baselines\status_only.json,value=17.5611 eval_capped=False
2026-06-03T09:43:42+00:00,baseline_status_only,dcf5e62-dirty,configs/baselines/status_only.yaml,45,3ce0e30a2e51,7769ea2c62c8,scripts/20_run_baseline.py --config configs/baselines/status_only.yaml --seed 45 --device cpu,<REPO>/results\table_03_rq1_baselines\status_only.json,value=17.5611 eval_capped=False
2026-06-03T09:43:46+00:00,baseline_status_only,dcf5e62-dirty,configs/baselines/status_only.yaml,46,3ce0e30a2e51,7769ea2c62c8,scripts/20_run_baseline.py --config configs/baselines/status_only.yaml --seed 46 --device cpu,<REPO>/results\table_03_rq1_baselines\status_only.json,value=17.5611 eval_capped=False
2026-06-03T09:47:27+00:00,fasttext_sweep,dcf5e62-dirty,configs/finetune/label_5pct.yaml,42,3ce0e30a2e51,7769ea2c62c8,scripts/14_fasttext_sweep.py --config configs/finetune/label_5pct.yaml --seed 42,<REPO>/models\detector\fasttext_sweep\weblog_v256_n28.model,v256_n28|f1=65.7648|lat=0.168995|fp=261.8532 eval_capped=False
2026-06-03T09:54:42+00:00,fasttext_sweep,dcf5e62-dirty,configs/finetune/label_5pct.yaml,42,3ce0e30a2e51,7769ea2c62c8,scripts/14_fasttext_sweep.py --config configs/finetune/label_5pct.yaml --seed 42,<REPO>/models\detector\fasttext_sweep\weblog_v256_n28.model,v256_n28|f1=65.7648|lat=0.164661|fp=261.8532 eval_capped=False
2026-06-03T09:59:33+00:00,benign_fpr_apache_indo,dcf5e62-dirty,configs/finetune/label_0pct.yaml,42,3ce0e30a2e51,7769ea2c62c8,scripts/14_benign_fpr_apache_indo.py --config configs/finetune/label_0pct.yaml --seed 42,<REPO>/results\table_11_benign_fpr_apache_indo,FPR@p99=0.084|n=29778 eval_capped=False
2026-06-03T10:06:13+00:00,benign_fpr_apache_indo,dcf5e62-dirty,configs/finetune/label_0pct.yaml,43,3ce0e30a2e51,7769ea2c62c8,scripts/14_benign_fpr_apache_indo.py --config configs/finetune/label_0pct.yaml --seed 43,<REPO>/results\table_11_benign_fpr_apache_indo,FPR@p99=0.084|n=29778 eval_capped=False
2026-06-03T10:09:09+00:00,benign_fpr_apache_indo,dcf5e62-dirty,configs/finetune/label_0pct.yaml,44,3ce0e30a2e51,7769ea2c62c8,scripts/14_benign_fpr_apache_indo.py --config configs/finetune/label_0pct.yaml --seed 44,<REPO>/results\table_11_benign_fpr_apache_indo,FPR@p99=0.084|n=29778 eval_capped=False
2026-06-03T10:12:11+00:00,benign_fpr_apache_indo,dcf5e62-dirty,configs/finetune/label_0pct.yaml,45,3ce0e30a2e51,7769ea2c62c8,scripts/14_benign_fpr_apache_indo.py --config configs/finetune/label_0pct.yaml --seed 45,<REPO>/results\table_11_benign_fpr_apache_indo,FPR@p99=0.084|n=29778 eval_capped=False
2026-06-03T10:15:12+00:00,benign_fpr_apache_indo,dcf5e62-dirty,configs/finetune/label_0pct.yaml,46,3ce0e30a2e51,7769ea2c62c8,scripts/14_benign_fpr_apache_indo.py --config configs/finetune/label_0pct.yaml --seed 46,<REPO>/results\table_11_benign_fpr_apache_indo,FPR@p99=0.084|n=29778 eval_capped=False
2026-06-03T10:17:24+00:00,cleanlab_label_audit,dcf5e62-dirty,scripts/44_cleanlab_label_audit.py,42,d7400f33c949,7769ea2c62c8,scripts/44_cleanlab_label_audit.py --folds 5 --seed 42 --out-dir results/table_12_label_noise_cleanlab,results\table_12_label_noise_cleanlab\results.json,n=151011 issue_rate=0.082 method=cleanlab.filter.find_label_issues max_records=None
2026-06-03T10:21:00+00:00,post_body_pilot_table13,dcf5e62-dirty,configs/ablation/six_field.yaml,42,3ce0e30a2e51,7769ea2c62c8,scripts/17_post_body_pilot.py --seed 42 --budget 0.5,<REPO>/results\table_13_post_body_pilot,get=32.5384 getpost=39.2931 delta=6.7547 n=11388
2026-06-03T10:21:26+00:00,post_body_pilot_table13,dcf5e62-dirty,configs/ablation/six_field.yaml,43,3ce0e30a2e51,7769ea2c62c8,scripts/17_post_body_pilot.py --seed 43 --budget 0.5,<REPO>/results\table_13_post_body_pilot,get=32.5384 getpost=39.2931 delta=6.7547 n=11388
2026-06-03T10:21:52+00:00,post_body_pilot_table13,dcf5e62-dirty,configs/ablation/six_field.yaml,44,3ce0e30a2e51,7769ea2c62c8,scripts/17_post_body_pilot.py --seed 44 --budget 0.5,<REPO>/results\table_13_post_body_pilot,get=32.5384 getpost=39.2931 delta=6.7547 n=11388
2026-06-03T10:22:18+00:00,post_body_pilot_table13,dcf5e62-dirty,configs/ablation/six_field.yaml,45,3ce0e30a2e51,7769ea2c62c8,scripts/17_post_body_pilot.py --seed 45 --budget 0.5,<REPO>/results\table_13_post_body_pilot,get=32.5384 getpost=39.2931 delta=6.7547 n=11388
2026-06-03T10:22:44+00:00,post_body_pilot_table13,dcf5e62-dirty,configs/ablation/six_field.yaml,46,3ce0e30a2e51,7769ea2c62c8,scripts/17_post_body_pilot.py --seed 46 --budget 0.5,<REPO>/results\table_13_post_body_pilot,get=32.5384 getpost=39.2931 delta=6.7547 n=11388
2026-06-03T10:23:31+00:00,budget_composition_ci_table14,dcf5e62-dirty,configs/finetune/label_5pct.yaml,42,3ce0e30a2e51,7769ea2c62c8,scripts/18_prefix_resample_ci.py --budget 0.05 --n-windows 10 --seed 42,<REPO>/results\table_14_budget_composition_ci,"mean=54.0512 ci=[46.8038, 61.2985] earliest=65.1035 windows=10"
2026-06-03T10:24:38+00:00,budget_composition_ci_table14,dcf5e62-dirty,configs/finetune/label_10pct.yaml,42,3ce0e30a2e51,7769ea2c62c8,scripts/18_prefix_resample_ci.py --budget 0.1 --n-windows 10 --seed 42,<REPO>/results\table_14_budget_composition_ci,"mean=60.412 ci=[53.4693, 67.3546] earliest=73.6091 windows=10"
2026-06-03T11:54:24+00:00,evaluate_table6,3843f64-dirty,configs/finetune/label_10pct.yaml,42,3ce0e30a2e51,7769ea2c62c8,scripts/12_evaluate.py --config configs/finetune/label_10pct.yaml --seed 42 --table 6,<REPO>/results\table_06_per_class_owasp\cells\proposed-fasttext-field-aware__10__seed42.json,row=Proposed (FastText field-aware)|col=10%|macro_f1=73.6091 eval_capped=False
2026-06-03T11:54:37+00:00,evaluate_table6,3843f64-dirty,configs/finetune/label_10pct.yaml,43,3ce0e30a2e51,7769ea2c62c8,scripts/12_evaluate.py --config configs/finetune/label_10pct.yaml --seed 43 --table 6,<REPO>/results\table_06_per_class_owasp\cells\proposed-fasttext-field-aware__10__seed43.json,row=Proposed (FastText field-aware)|col=10%|macro_f1=73.6091 eval_capped=False
2026-06-03T11:54:49+00:00,evaluate_table6,3843f64-dirty,configs/finetune/label_10pct.yaml,44,3ce0e30a2e51,7769ea2c62c8,scripts/12_evaluate.py --config configs/finetune/label_10pct.yaml --seed 44 --table 6,<REPO>/results\table_06_per_class_owasp\cells\proposed-fasttext-field-aware__10__seed44.json,row=Proposed (FastText field-aware)|col=10%|macro_f1=73.6091 eval_capped=False
2026-06-03T11:55:02+00:00,evaluate_table6,3843f64-dirty,configs/finetune/label_10pct.yaml,45,3ce0e30a2e51,7769ea2c62c8,scripts/12_evaluate.py --config configs/finetune/label_10pct.yaml --seed 45 --table 6,<REPO>/results\table_06_per_class_owasp\cells\proposed-fasttext-field-aware__10__seed45.json,row=Proposed (FastText field-aware)|col=10%|macro_f1=73.6091 eval_capped=False
2026-06-03T11:55:15+00:00,evaluate_table6,3843f64-dirty,configs/finetune/label_10pct.yaml,46,3ce0e30a2e51,7769ea2c62c8,scripts/12_evaluate.py --config configs/finetune/label_10pct.yaml --seed 46 --table 6,<REPO>/results\table_06_per_class_owasp\cells\proposed-fasttext-field-aware__10__seed46.json,row=Proposed (FastText field-aware)|col=10%|macro_f1=73.6091 eval_capped=False
2026-06-03T11:56:09+00:00,evaluate_table6,3843f64-dirty,configs/finetune/label_5pct.yaml,42,3ce0e30a2e51,7769ea2c62c8,scripts/12_evaluate.py --config configs/finetune/label_5pct.yaml --seed 42 --table 6,<REPO>/results\table_06_per_class_owasp\cells\proposed-fasttext-field-aware__5__seed42.json,row=Proposed (FastText field-aware)|col=5%|macro_f1=65.1035 eval_capped=False
2026-06-03T16:33:06+00:00,cleanlab_label_audit,3843f64-dirty,scripts/44_cleanlab_label_audit.py,42,d7400f33c949,7769ea2c62c8,scripts/44_cleanlab_label_audit.py,<REPO>/results\table_12_label_noise_cleanlab\results.json,n=151011 issue_rate=0.082 method=cleanlab.filter.find_label_issues max_records=None
2026-06-04T15:02:51+00:00,latency_table8,b87b425-dirty,configs/finetune/label_5pct.yaml,42,3ce0e30a2e51,7769ea2c62c8,scripts/40_measure_latency.py --max-records 600 --runs 3 --no-aggregate,<REPO>/results\table_08_latency\results.json,end_to_end_mean_ms=0.1345|footprint_mb=131.4368|single_run_measured eval_capped=True
2026-06-04T15:04:20+00:00,latency_table8,b87b425-dirty,configs/finetune/label_5pct.yaml,42,3ce0e30a2e51,7769ea2c62c8,scripts/40_measure_latency.py --max-records 600 --runs 3 --no-aggregate,<REPO>/results\table_08_latency\results.json,end_to_end_mean_ms=0.1349|footprint_mb=131.4368|single_run_measured eval_capped=True
2026-06-04T15:05:27+00:00,latency_table8,b87b425-dirty,configs/finetune/label_5pct.yaml,42,3ce0e30a2e51,7769ea2c62c8,scripts/40_measure_latency.py,<REPO>/results\table_08_latency\results.json,end_to_end_mean_ms=0.1717|footprint_mb=131.4486|single_run_measured eval_capped=False
2026-06-04T15:08:45+00:00,baseline_latency_table8,b87b425-dirty,configs/eval/efficiency.yaml,42,3ce0e30a2e51,7769ea2c62c8,scripts/54_measure_baseline_latency.py --seed 42,<REPO>/results\table_08_latency\results.json,"baselines=tfidf_logreg,tfidf_svd_hgbdt,isolation_forest,ocsvm,modsec_learn,modsec_advlearn,status_only,char_cnn eval_capped=False"
2026-06-04T15:09:24+00:00,latency_table8,b87b425-dirty,configs/finetune/label_5pct.yaml,42,3ce0e30a2e51,7769ea2c62c8,scripts/40_measure_latency.py,<REPO>/results\table_08_latency\results.json,end_to_end_mean_ms=0.1393|footprint_mb=131.4486|single_run_measured eval_capped=False
2026-06-04T15:09:46+00:00,baseline_latency_table8,b87b425-dirty,configs/eval/efficiency.yaml,41,3ce0e30a2e51,7769ea2c62c8,scripts/54_measure_baseline_latency.py --baselines tfidf_svd_hgbdt --no-aggregate --seed 41,<REPO>/results\table_08_latency\results.json,baselines=tfidf_svd_hgbdt eval_capped=False
2026-06-04T15:10:20+00:00,baseline_latency_table8,b87b425-dirty,configs/eval/efficiency.yaml,42,3ce0e30a2e51,7769ea2c62c8,scripts/54_measure_baseline_latency.py --baselines tfidf_svd_hgbdt --no-aggregate --seed 42,<REPO>/results\table_08_latency\results.json,baselines=tfidf_svd_hgbdt eval_capped=False
2026-06-04T15:11:22+00:00,baseline_latency_table8,b87b425-dirty,configs/eval/efficiency.yaml,43,3ce0e30a2e51,7769ea2c62c8,scripts/54_measure_baseline_latency.py --baselines tfidf_svd_hgbdt --no-aggregate --seed 43,<REPO>/results\table_08_latency\results.json,baselines=tfidf_svd_hgbdt eval_capped=False
2026-06-04T15:25:43+00:00,baseline_latency_table8,b87b425-dirty,configs/eval/efficiency.yaml,42,3ce0e30a2e51,7769ea2c62c8,scripts/54_measure_baseline_latency.py --seed 42 --runs 10,<REPO>/results\table_08_latency\results.json,"baselines=tfidf_logreg,tfidf_svd_hgbdt,isolation_forest,ocsvm,modsec_learn,modsec_advlearn,status_only,char_cnn eval_capped=False"
2026-06-05T01:50:01+00:00,baseline_latency_table8,d2dd164-dirty,configs/eval/efficiency.yaml,42,3ce0e30a2e51,7769ea2c62c8,scripts/54_measure_baseline_latency.py --seed 42 --runs 10,<REPO>/results\table_08_latency\results.json,"baselines=tfidf_logreg,tfidf_svd_hgbdt,isolation_forest,ocsvm,modsec_learn,modsec_advlearn,status_only,char_cnn eval_capped=False"
2026-06-05T01:54:06+00:00,baseline_latency_table8,d2dd164-dirty,configs/eval/efficiency.yaml,42,3ce0e30a2e51,7769ea2c62c8,scripts/54_measure_baseline_latency.py --baselines tfidf_svd_hgbdt --seed 42 --runs 10,<REPO>/results\table_08_latency\results.json,baselines=tfidf_svd_hgbdt eval_capped=False
2026-06-05T01:56:35+00:00,baseline_latency_table8,d2dd164-dirty,configs/eval/efficiency.yaml,42,3ce0e30a2e51,7769ea2c62c8,scripts/54_measure_baseline_latency.py --baselines tfidf_svd_hgbdt --seed 42 --runs 10 --no-aggregate,<REPO>/results\table_08_latency\results.json,baselines=tfidf_svd_hgbdt eval_capped=False
2026-06-06T08:44:00+00:00,baseline_tfidf_typed_linearsvc,082f087-dirty,configs/baselines/tfidf_typed_linearsvc.yaml,42,3ce0e30a2e51,7769ea2c62c8,scripts/20_run_baseline.py --config configs/baselines/tfidf_typed_linearsvc.yaml --seed 42,<REPO>/results\table_03_rq1_baselines\tfidf_typed_linearsvc.json,value=72.7247 eval_capped=False
2026-06-06T08:44:10+00:00,baseline_tfidf_typed_linearsvc,082f087-dirty,configs/baselines/tfidf_typed_linearsvc.yaml,43,3ce0e30a2e51,7769ea2c62c8,scripts/20_run_baseline.py --config configs/baselines/tfidf_typed_linearsvc.yaml --seed 43,<REPO>/results\table_03_rq1_baselines\tfidf_typed_linearsvc.json,value=72.7247 eval_capped=False
2026-06-06T08:44:29+00:00,baseline_tfidf_typed_linearsvc,082f087-dirty,configs/baselines/tfidf_typed_linearsvc.yaml,44,3ce0e30a2e51,7769ea2c62c8,scripts/20_run_baseline.py --config configs/baselines/tfidf_typed_linearsvc.yaml --seed 44,<REPO>/results\table_03_rq1_baselines\tfidf_typed_linearsvc.json,value=72.7247 eval_capped=False
2026-06-06T08:44:42+00:00,baseline_tfidf_typed_linearsvc,082f087-dirty,configs/baselines/tfidf_typed_linearsvc.yaml,45,3ce0e30a2e51,7769ea2c62c8,scripts/20_run_baseline.py --config configs/baselines/tfidf_typed_linearsvc.yaml --seed 45,<REPO>/results\table_03_rq1_baselines\tfidf_typed_linearsvc.json,value=72.7247 eval_capped=False
2026-06-06T08:44:51+00:00,baseline_tfidf_typed_linearsvc,082f087-dirty,configs/baselines/tfidf_typed_linearsvc.yaml,46,3ce0e30a2e51,7769ea2c62c8,scripts/20_run_baseline.py --config configs/baselines/tfidf_typed_linearsvc.yaml --seed 46,<REPO>/results\table_03_rq1_baselines\tfidf_typed_linearsvc.json,value=72.7247 eval_capped=False
2026-06-06T09:48:38+00:00,baseline_latency_table8,082f087-dirty,configs/eval/efficiency.yaml,42,3ce0e30a2e51,7769ea2c62c8,scripts/54_measure_baseline_latency.py --baselines tfidf_typed_linearsvc --seed 42 --runs 2 --max-records 3000 --no-aggregate,<REPO>/results\table_08_latency\results.json,baselines=tfidf_typed_linearsvc eval_capped=True
2026-06-06T09:51:38+00:00,baseline_latency_table8,082f087-dirty,configs/eval/efficiency.yaml,42,3ce0e30a2e51,7769ea2c62c8,scripts/54_measure_baseline_latency.py --baselines tfidf_svd_hgbdt tfidf_typed_linearsvc --seed 42,<REPO>/results\table_08_latency\results.json,"baselines=tfidf_svd_hgbdt,tfidf_typed_linearsvc eval_capped=False"
2026-06-06T09:54:28+00:00,baseline_latency_table8,082f087-dirty,configs/eval/efficiency.yaml,42,3ce0e30a2e51,7769ea2c62c8,scripts/54_measure_baseline_latency.py --baselines tfidf_svd_hgbdt tfidf_typed_linearsvc --seed 42,<REPO>/results\table_08_latency\results.json,"baselines=tfidf_svd_hgbdt,tfidf_typed_linearsvc eval_capped=False"
2026-06-06T09:55:08+00:00,baseline_tfidf_logreg,082f087-dirty,configs/baselines/tfidf_logreg.yaml,42,3ce0e30a2e51,7769ea2c62c8,scripts/20_run_baseline.py --config configs/baselines/tfidf_logreg.yaml --seed 42 --budget 0.10,<REPO>/results\table_03_rq1_baselines\tfidf_logreg.json,value=63.7734 eval_capped=False
2026-06-06T09:55:16+00:00,baseline_tfidf_logreg,082f087-dirty,configs/baselines/tfidf_logreg.yaml,43,3ce0e30a2e51,7769ea2c62c8,scripts/20_run_baseline.py --config configs/baselines/tfidf_logreg.yaml --seed 43 --budget 0.10,<REPO>/results\table_03_rq1_baselines\tfidf_logreg.json,value=63.7734 eval_capped=False
2026-06-06T09:55:24+00:00,baseline_tfidf_logreg,082f087-dirty,configs/baselines/tfidf_logreg.yaml,44,3ce0e30a2e51,7769ea2c62c8,scripts/20_run_baseline.py --config configs/baselines/tfidf_logreg.yaml --seed 44 --budget 0.10,<REPO>/results\table_03_rq1_baselines\tfidf_logreg.json,value=63.7734 eval_capped=False
2026-06-06T09:55:32+00:00,baseline_tfidf_logreg,082f087-dirty,configs/baselines/tfidf_logreg.yaml,45,3ce0e30a2e51,7769ea2c62c8,scripts/20_run_baseline.py --config configs/baselines/tfidf_logreg.yaml --seed 45 --budget 0.10,<REPO>/results\table_03_rq1_baselines\tfidf_logreg.json,value=63.7734 eval_capped=False
2026-06-06T09:55:40+00:00,baseline_tfidf_logreg,082f087-dirty,configs/baselines/tfidf_logreg.yaml,46,3ce0e30a2e51,7769ea2c62c8,scripts/20_run_baseline.py --config configs/baselines/tfidf_logreg.yaml --seed 46 --budget 0.10,<REPO>/results\table_03_rq1_baselines\tfidf_logreg.json,value=63.7734 eval_capped=False
2026-06-06T09:56:26+00:00,baseline_tfidf_svd_hgbdt,082f087-dirty,configs/baselines/tfidf_svd_hgbdt.yaml,42,3ce0e30a2e51,7769ea2c62c8,scripts/20_run_baseline.py --config configs/baselines/tfidf_svd_hgbdt.yaml --seed 42 --budget 0.10,<REPO>/results\table_03_rq1_baselines\tfidf_svd_hgbdt.json,value=69.5536 eval_capped=False
2026-06-06T09:57:11+00:00,baseline_tfidf_svd_hgbdt,082f087-dirty,configs/baselines/tfidf_svd_hgbdt.yaml,43,3ce0e30a2e51,7769ea2c62c8,scripts/20_run_baseline.py --config configs/baselines/tfidf_svd_hgbdt.yaml --seed 43 --budget 0.10,<REPO>/results\table_03_rq1_baselines\tfidf_svd_hgbdt.json,value=70.0011 eval_capped=False
2026-06-06T09:58:13+00:00,baseline_tfidf_svd_hgbdt,082f087-dirty,configs/baselines/tfidf_svd_hgbdt.yaml,44,3ce0e30a2e51,7769ea2c62c8,scripts/20_run_baseline.py --config configs/baselines/tfidf_svd_hgbdt.yaml --seed 44 --budget 0.10,<REPO>/results\table_03_rq1_baselines\tfidf_svd_hgbdt.json,value=69.4212 eval_capped=False
2026-06-06T09:59:05+00:00,baseline_tfidf_svd_hgbdt,082f087-dirty,configs/baselines/tfidf_svd_hgbdt.yaml,45,3ce0e30a2e51,7769ea2c62c8,scripts/20_run_baseline.py --config configs/baselines/tfidf_svd_hgbdt.yaml --seed 45 --budget 0.10,<REPO>/results\table_03_rq1_baselines\tfidf_svd_hgbdt.json,value=70.4089 eval_capped=False
2026-06-06T10:00:26+00:00,baseline_tfidf_svd_hgbdt,082f087-dirty,configs/baselines/tfidf_svd_hgbdt.yaml,46,3ce0e30a2e51,7769ea2c62c8,scripts/20_run_baseline.py --config configs/baselines/tfidf_svd_hgbdt.yaml --seed 46 --budget 0.10,<REPO>/results\table_03_rq1_baselines\tfidf_svd_hgbdt.json,value=69.0841 eval_capped=False
2026-06-06T10:00:30+00:00,baseline_status_only,082f087-dirty,configs/baselines/status_only.yaml,42,3ce0e30a2e51,7769ea2c62c8,scripts/20_run_baseline.py --config configs/baselines/status_only.yaml --seed 42 --budget 0.10,<REPO>/results\table_03_rq1_baselines\status_only.json,value=18.2463 eval_capped=False
2026-06-06T10:00:34+00:00,baseline_status_only,082f087-dirty,configs/baselines/status_only.yaml,43,3ce0e30a2e51,7769ea2c62c8,scripts/20_run_baseline.py --config configs/baselines/status_only.yaml --seed 43 --budget 0.10,<REPO>/results\table_03_rq1_baselines\status_only.json,value=18.2463 eval_capped=False
2026-06-06T10:00:38+00:00,baseline_status_only,082f087-dirty,configs/baselines/status_only.yaml,44,3ce0e30a2e51,7769ea2c62c8,scripts/20_run_baseline.py --config configs/baselines/status_only.yaml --seed 44 --budget 0.10,<REPO>/results\table_03_rq1_baselines\status_only.json,value=18.2463 eval_capped=False
2026-06-06T10:00:41+00:00,baseline_status_only,082f087-dirty,configs/baselines/status_only.yaml,45,3ce0e30a2e51,7769ea2c62c8,scripts/20_run_baseline.py --config configs/baselines/status_only.yaml --seed 45 --budget 0.10,<REPO>/results\table_03_rq1_baselines\status_only.json,value=18.2463 eval_capped=False
2026-06-06T10:00:45+00:00,baseline_status_only,082f087-dirty,configs/baselines/status_only.yaml,46,3ce0e30a2e51,7769ea2c62c8,scripts/20_run_baseline.py --config configs/baselines/status_only.yaml --seed 46 --budget 0.10,<REPO>/results\table_03_rq1_baselines\status_only.json,value=18.2463 eval_capped=False
2026-06-06T10:07:41+00:00,baseline_char_cnn,082f087-dirty,configs/baselines/char_cnn.yaml,42,3ce0e30a2e51,7769ea2c62c8,scripts/20_run_baseline.py --config configs/baselines/char_cnn.yaml --seed 42 --budget 0.10,<REPO>/results\table_03_rq1_baselines\char_cnn.json,value=73.5361 eval_capped=False
2026-06-06T10:15:41+00:00,baseline_char_cnn,082f087-dirty,configs/baselines/char_cnn.yaml,43,3ce0e30a2e51,7769ea2c62c8,scripts/20_run_baseline.py --config configs/baselines/char_cnn.yaml --seed 43 --budget 0.10,<REPO>/results\table_03_rq1_baselines\char_cnn.json,value=74.6423 eval_capped=False
2026-06-06T10:26:57+00:00,baseline_char_cnn,082f087-dirty,configs/baselines/char_cnn.yaml,44,3ce0e30a2e51,7769ea2c62c8,scripts/20_run_baseline.py --config configs/baselines/char_cnn.yaml --seed 44 --budget 0.10,<REPO>/results\table_03_rq1_baselines\char_cnn.json,value=66.8399 eval_capped=False
2026-06-06T10:31:16+00:00,baseline_char_cnn,082f087-dirty,configs/baselines/char_cnn.yaml,45,3ce0e30a2e51,7769ea2c62c8,scripts/20_run_baseline.py --config configs/baselines/char_cnn.yaml --seed 45 --budget 0.10,<REPO>/results\table_03_rq1_baselines\char_cnn.json,value=74.3069 eval_capped=False
2026-06-06T10:41:30+00:00,baseline_char_cnn,082f087-dirty,configs/baselines/char_cnn.yaml,46,3ce0e30a2e51,7769ea2c62c8,scripts/20_run_baseline.py --config configs/baselines/char_cnn.yaml --seed 46 --budget 0.10,<REPO>/results\table_03_rq1_baselines\char_cnn.json,value=74.1293 eval_capped=False
2026-06-06T10:41:36+00:00,baseline_modsec_learn,082f087-dirty,configs/baselines/modsec_learn.yaml,42,3ce0e30a2e51,7769ea2c62c8,scripts/20_run_baseline.py --config configs/baselines/modsec_learn.yaml --seed 42 --budget 0.10,<REPO>/results\table_03_rq1_baselines\modsec_learn.json,value=90.9692 eval_capped=False
2026-06-06T10:41:41+00:00,baseline_modsec_learn,082f087-dirty,configs/baselines/modsec_learn.yaml,43,3ce0e30a2e51,7769ea2c62c8,scripts/20_run_baseline.py --config configs/baselines/modsec_learn.yaml --seed 43 --budget 0.10,<REPO>/results\table_03_rq1_baselines\modsec_learn.json,value=90.9692 eval_capped=False
2026-06-06T10:41:46+00:00,baseline_modsec_learn,082f087-dirty,configs/baselines/modsec_learn.yaml,44,3ce0e30a2e51,7769ea2c62c8,scripts/20_run_baseline.py --config configs/baselines/modsec_learn.yaml --seed 44 --budget 0.10,<REPO>/results\table_03_rq1_baselines\modsec_learn.json,value=90.9692 eval_capped=False
2026-06-06T10:41:51+00:00,baseline_modsec_learn,082f087-dirty,configs/baselines/modsec_learn.yaml,45,3ce0e30a2e51,7769ea2c62c8,scripts/20_run_baseline.py --config configs/baselines/modsec_learn.yaml --seed 45 --budget 0.10,<REPO>/results\table_03_rq1_baselines\modsec_learn.json,value=90.9692 eval_capped=False
2026-06-06T10:41:56+00:00,baseline_modsec_learn,082f087-dirty,configs/baselines/modsec_learn.yaml,46,3ce0e30a2e51,7769ea2c62c8,scripts/20_run_baseline.py --config configs/baselines/modsec_learn.yaml --seed 46 --budget 0.10,<REPO>/results\table_03_rq1_baselines\modsec_learn.json,value=90.9692 eval_capped=False
2026-06-06T10:42:01+00:00,baseline_modsec_advlearn,082f087-dirty,configs/baselines/modsec_advlearn.yaml,42,3ce0e30a2e51,7769ea2c62c8,scripts/20_run_baseline.py --config configs/baselines/modsec_advlearn.yaml --seed 42 --budget 0.10,<REPO>/results\table_03_rq1_baselines\modsec_advlearn.json,value=74.8269 eval_capped=False
2026-06-06T10:42:07+00:00,baseline_modsec_advlearn,082f087-dirty,configs/baselines/modsec_advlearn.yaml,43,3ce0e30a2e51,7769ea2c62c8,scripts/20_run_baseline.py --config configs/baselines/modsec_advlearn.yaml --seed 43 --budget 0.10,<REPO>/results\table_03_rq1_baselines\modsec_advlearn.json,value=74.8269 eval_capped=False
2026-06-06T10:42:13+00:00,baseline_modsec_advlearn,082f087-dirty,configs/baselines/modsec_advlearn.yaml,44,3ce0e30a2e51,7769ea2c62c8,scripts/20_run_baseline.py --config configs/baselines/modsec_advlearn.yaml --seed 44 --budget 0.10,<REPO>/results\table_03_rq1_baselines\modsec_advlearn.json,value=74.8269 eval_capped=False
2026-06-06T10:42:18+00:00,baseline_modsec_advlearn,082f087-dirty,configs/baselines/modsec_advlearn.yaml,45,3ce0e30a2e51,7769ea2c62c8,scripts/20_run_baseline.py --config configs/baselines/modsec_advlearn.yaml --seed 45 --budget 0.10,<REPO>/results\table_03_rq1_baselines\modsec_advlearn.json,value=74.8269 eval_capped=False
2026-06-06T10:42:24+00:00,baseline_modsec_advlearn,082f087-dirty,configs/baselines/modsec_advlearn.yaml,46,3ce0e30a2e51,7769ea2c62c8,scripts/20_run_baseline.py --config configs/baselines/modsec_advlearn.yaml --seed 46 --budget 0.10,<REPO>/results\table_03_rq1_baselines\modsec_advlearn.json,value=74.8269 eval_capped=False
2026-06-06T10:42:36+00:00,baseline_tfidf_typed_linearsvc,082f087-dirty,configs/baselines/tfidf_typed_linearsvc.yaml,42,3ce0e30a2e51,7769ea2c62c8,scripts/20_run_baseline.py --config configs/baselines/tfidf_typed_linearsvc.yaml --seed 42 --budget 0.10,<REPO>/results\table_03_rq1_baselines\tfidf_typed_linearsvc.json,value=74.4326 eval_capped=False
2026-06-06T10:42:47+00:00,baseline_tfidf_typed_linearsvc,082f087-dirty,configs/baselines/tfidf_typed_linearsvc.yaml,43,3ce0e30a2e51,7769ea2c62c8,scripts/20_run_baseline.py --config configs/baselines/tfidf_typed_linearsvc.yaml --seed 43 --budget 0.10,<REPO>/results\table_03_rq1_baselines\tfidf_typed_linearsvc.json,value=74.4326 eval_capped=False
2026-06-06T10:42:58+00:00,baseline_tfidf_typed_linearsvc,082f087-dirty,configs/baselines/tfidf_typed_linearsvc.yaml,44,3ce0e30a2e51,7769ea2c62c8,scripts/20_run_baseline.py --config configs/baselines/tfidf_typed_linearsvc.yaml --seed 44 --budget 0.10,<REPO>/results\table_03_rq1_baselines\tfidf_typed_linearsvc.json,value=74.4326 eval_capped=False
2026-06-06T10:43:09+00:00,baseline_tfidf_typed_linearsvc,082f087-dirty,configs/baselines/tfidf_typed_linearsvc.yaml,45,3ce0e30a2e51,7769ea2c62c8,scripts/20_run_baseline.py --config configs/baselines/tfidf_typed_linearsvc.yaml --seed 45 --budget 0.10,<REPO>/results\table_03_rq1_baselines\tfidf_typed_linearsvc.json,value=74.4326 eval_capped=False
2026-06-06T10:43:21+00:00,baseline_tfidf_typed_linearsvc,082f087-dirty,configs/baselines/tfidf_typed_linearsvc.yaml,46,3ce0e30a2e51,7769ea2c62c8,scripts/20_run_baseline.py --config configs/baselines/tfidf_typed_linearsvc.yaml --seed 46 --budget 0.10,<REPO>/results\table_03_rq1_baselines\tfidf_typed_linearsvc.json,value=74.4326 eval_capped=False
2026-06-06T11:53:00+00:00,baseline_tfidf_typed_linearsvc,b22395e-dirty,configs/baselines/tfidf_flat_linearsvc.yaml,42,3ce0e30a2e51,7769ea2c62c8,scripts/20_run_baseline.py --config configs/baselines/tfidf_flat_linearsvc.yaml --seed 42 --budget 0.05,<REPO>/results\table_03_rq1_baselines\tfidf_flat_linearsvc.json,value=65.9854 eval_capped=False
2026-06-06T11:53:22+00:00,baseline_tfidf_typed_linearsvc,b22395e-dirty,configs/baselines/tfidf_flat_linearsvc.yaml,43,3ce0e30a2e51,7769ea2c62c8,scripts/20_run_baseline.py --config configs/baselines/tfidf_flat_linearsvc.yaml --seed 43 --budget 0.05,<REPO>/results\table_03_rq1_baselines\tfidf_flat_linearsvc.json,value=65.9854 eval_capped=False
2026-06-06T11:53:40+00:00,baseline_tfidf_typed_linearsvc,b22395e-dirty,configs/baselines/tfidf_flat_linearsvc.yaml,44,3ce0e30a2e51,7769ea2c62c8,scripts/20_run_baseline.py --config configs/baselines/tfidf_flat_linearsvc.yaml --seed 44 --budget 0.05,<REPO>/results\table_03_rq1_baselines\tfidf_flat_linearsvc.json,value=65.9854 eval_capped=False
2026-06-06T11:54:01+00:00,baseline_tfidf_typed_linearsvc,b22395e-dirty,configs/baselines/tfidf_flat_linearsvc.yaml,45,3ce0e30a2e51,7769ea2c62c8,scripts/20_run_baseline.py --config configs/baselines/tfidf_flat_linearsvc.yaml --seed 45 --budget 0.05,<REPO>/results\table_03_rq1_baselines\tfidf_flat_linearsvc.json,value=65.9854 eval_capped=False
2026-06-06T11:54:22+00:00,baseline_tfidf_typed_linearsvc,b22395e-dirty,configs/baselines/tfidf_flat_linearsvc.yaml,46,3ce0e30a2e51,7769ea2c62c8,scripts/20_run_baseline.py --config configs/baselines/tfidf_flat_linearsvc.yaml --seed 46 --budget 0.05,<REPO>/results\table_03_rq1_baselines\tfidf_flat_linearsvc.json,value=65.9854 eval_capped=False
2026-06-06T11:54:49+00:00,baseline_tfidf_typed_linearsvc,b22395e-dirty,configs/baselines/tfidf_flat_linearsvc.yaml,42,3ce0e30a2e51,7769ea2c62c8,scripts/20_run_baseline.py --config configs/baselines/tfidf_flat_linearsvc.yaml --seed 42 --budget 0.10,<REPO>/results\table_03_rq1_baselines\tfidf_flat_linearsvc.json,value=76.7102 eval_capped=False
2026-06-06T11:55:14+00:00,baseline_tfidf_typed_linearsvc,b22395e-dirty,configs/baselines/tfidf_flat_linearsvc.yaml,43,3ce0e30a2e51,7769ea2c62c8,scripts/20_run_baseline.py --config configs/baselines/tfidf_flat_linearsvc.yaml --seed 43 --budget 0.10,<REPO>/results\table_03_rq1_baselines\tfidf_flat_linearsvc.json,value=76.7102 eval_capped=False
2026-06-06T11:55:30+00:00,baseline_tfidf_typed_linearsvc,b22395e-dirty,configs/baselines/tfidf_flat_linearsvc.yaml,44,3ce0e30a2e51,7769ea2c62c8,scripts/20_run_baseline.py --config configs/baselines/tfidf_flat_linearsvc.yaml --seed 44 --budget 0.10,<REPO>/results\table_03_rq1_baselines\tfidf_flat_linearsvc.json,value=76.7102 eval_capped=False
2026-06-06T11:55:43+00:00,baseline_tfidf_typed_linearsvc,b22395e-dirty,configs/baselines/tfidf_flat_linearsvc.yaml,45,3ce0e30a2e51,7769ea2c62c8,scripts/20_run_baseline.py --config configs/baselines/tfidf_flat_linearsvc.yaml --seed 45 --budget 0.10,<REPO>/results\table_03_rq1_baselines\tfidf_flat_linearsvc.json,value=76.7102 eval_capped=False
2026-06-06T11:55:59+00:00,baseline_tfidf_typed_linearsvc,b22395e-dirty,configs/baselines/tfidf_flat_linearsvc.yaml,46,3ce0e30a2e51,7769ea2c62c8,scripts/20_run_baseline.py --config configs/baselines/tfidf_flat_linearsvc.yaml --seed 46 --budget 0.10,<REPO>/results\table_03_rq1_baselines\tfidf_flat_linearsvc.json,value=76.7102 eval_capped=False
2026-06-06T12:14:36+00:00,evaluate_table5,b144c0f-dirty,configs/ablation/flat_no_typed_embed_10pct.yaml,42,3ce0e30a2e51,7769ea2c62c8,scripts/12_evaluate.py --config configs/ablation/flat_no_typed_embed_10pct.yaml --seed 42 --table 5,<REPO>/results\table_05_field_granularity\cells\fasttext-flat-10-no-typed__10__seed42.json,row=FastText flat @10% (no typed)|col=10%|macro_f1=56.3375 eval_capped=False
2026-06-06T12:14:46+00:00,evaluate_table5,b144c0f-dirty,configs/ablation/flat_no_typed_embed_10pct.yaml,43,3ce0e30a2e51,7769ea2c62c8,scripts/12_evaluate.py --config configs/ablation/flat_no_typed_embed_10pct.yaml --seed 43 --table 5,<REPO>/results\table_05_field_granularity\cells\fasttext-flat-10-no-typed__10__seed43.json,row=FastText flat @10% (no typed)|col=10%|macro_f1=56.3375 eval_capped=False
2026-06-06T12:14:57+00:00,evaluate_table5,b144c0f-dirty,configs/ablation/flat_no_typed_embed_10pct.yaml,44,3ce0e30a2e51,7769ea2c62c8,scripts/12_evaluate.py --config configs/ablation/flat_no_typed_embed_10pct.yaml --seed 44 --table 5,<REPO>/results\table_05_field_granularity\cells\fasttext-flat-10-no-typed__10__seed44.json,row=FastText flat @10% (no typed)|col=10%|macro_f1=56.3375 eval_capped=False
2026-06-06T12:15:09+00:00,evaluate_table5,b144c0f-dirty,configs/ablation/flat_no_typed_embed_10pct.yaml,45,3ce0e30a2e51,7769ea2c62c8,scripts/12_evaluate.py --config configs/ablation/flat_no_typed_embed_10pct.yaml --seed 45 --table 5,<REPO>/results\table_05_field_granularity\cells\fasttext-flat-10-no-typed__10__seed45.json,row=FastText flat @10% (no typed)|col=10%|macro_f1=56.3375 eval_capped=False
2026-06-06T12:15:20+00:00,evaluate_table5,b144c0f-dirty,configs/ablation/flat_no_typed_embed_10pct.yaml,46,3ce0e30a2e51,7769ea2c62c8,scripts/12_evaluate.py --config configs/ablation/flat_no_typed_embed_10pct.yaml --seed 46 --table 5,<REPO>/results\table_05_field_granularity\cells\fasttext-flat-10-no-typed__10__seed46.json,row=FastText flat @10% (no typed)|col=10%|macro_f1=56.3375 eval_capped=False
2026-06-06T12:20:04+00:00,baseline_latency_table8,b144c0f-dirty,configs/eval/efficiency.yaml,42,3ce0e30a2e51,7769ea2c62c8,scripts/54_measure_baseline_latency.py --baselines tfidf_flat_linearsvc tfidf_typed_linearsvc --seed 42 --budget 0.10,<REPO>/results\table_08_latency\results.json,"baselines=tfidf_flat_linearsvc,tfidf_typed_linearsvc eval_capped=False"
2026-06-06T12:41:57+00:00,baseline_latency_table8,453eaff-dirty,configs/eval/efficiency.yaml,42,3ce0e30a2e51,7769ea2c62c8,scripts/54_measure_baseline_latency.py --baselines tfidf_logreg tfidf_svd_hgbdt char_cnn isolation_forest ocsvm modsec_learn modsec_advlearn status_only tfidf_flat_linearsvc tfidf_typed_linearsvc --seed 42 --budget 0.10 --no-aggregate,<REPO>/results\table_08_latency\results.json,"baselines=tfidf_logreg,tfidf_svd_hgbdt,char_cnn,isolation_forest,ocsvm,modsec_learn,modsec_advlearn,status_only,tfidf_flat_linearsvc,tfidf_typed_linearsvc eval_capped=False"
2026-06-06T12:42:21+00:00,latency_table8,453eaff-dirty,configs/finetune/label_10pct.yaml,42,3ce0e30a2e51,7769ea2c62c8,scripts/40_measure_latency.py --config configs/finetune/label_10pct.yaml --seed 42,<REPO>/results\table_08_latency\results.json,end_to_end_mean_ms=0.1366|footprint_mb=131.4486|single_run_measured eval_capped=False
2026-06-06T12:48:42+00:00,latency_table8,7e541c2-dirty,configs/finetune/label_10pct.yaml,42,3ce0e30a2e51,7769ea2c62c8,scripts/40_measure_latency.py --config configs/finetune/label_10pct.yaml --seed 42,<REPO>/results\table_08_latency\results.json,end_to_end_mean_ms=0.1539|footprint_mb=131.4486|single_run_measured eval_capped=False
2026-06-06T16:11:48+00:00,train_fasttext,c042449-dirty,configs/detector/fasttext_v768.yaml,42,3ce0e30a2e51,7769ea2c62c8,scripts/10_train_fasttext.py --config configs/detector/fasttext_v768.yaml --seed 42,<REPO>/models\detector\fasttext\weblog_fasttext_v768.model,vocab=33583|vector_size=768|split=weblog_pretrain eval_capped=False
2026-06-06T16:12:32+00:00,evaluate_table5,c042449-dirty,configs/ablation/flat_v768_capacity_matched.yaml,42,3ce0e30a2e51,7769ea2c62c8,scripts/12_evaluate.py --config configs/ablation/flat_v768_capacity_matched.yaml --seed 42 --table 5,<REPO>/results\table_05_field_granularity\cells\flat-768-capacity-matched__5__seed42.json,row=Flat @768 (capacity-matched)|col=5%|macro_f1=55.9964 eval_capped=False
2026-06-06T16:12:46+00:00,evaluate_table5,c042449-dirty,configs/ablation/flat_v768_capacity_matched_10pct.yaml,42,3ce0e30a2e51,7769ea2c62c8,scripts/12_evaluate.py --config configs/ablation/flat_v768_capacity_matched_10pct.yaml --seed 42 --table 5,<REPO>/results\table_05_field_granularity\cells\flat-768-capacity-matched-10__10__seed42.json,row=Flat @768 (capacity-matched) @10%|col=10%|macro_f1=59.0284 eval_capped=False
2026-06-06T16:13:07+00:00,evaluate_table5,c042449-dirty,configs/ablation/flat_v768_capacity_matched_10pct.yaml,42,3ce0e30a2e51,7769ea2c62c8,scripts/12_evaluate.py --config configs/ablation/flat_v768_capacity_matched_10pct.yaml --seed 42 --table 5 --aggregate,<REPO>/results\table_05_field_granularity\cells\flat-768-capacity-matched-10__10__seed42.json,row=Flat @768 (capacity-matched) @10%|col=10%|macro_f1=59.0284 eval_capped=False
2026-06-07T00:03:29+00:00,train_fasttext,c042449-dirty,configs/detector/fasttext_base.yaml,42,3ce0e30a2e51,2c37c7f64455,scripts/10_train_fasttext.py --config configs/detector/fasttext_base.yaml --seed 42,<REPO>/models\detector\fasttext\weblog_fasttext.model,vocab=33583|vector_size=128|split=weblog_pretrain eval_capped=False
2026-06-07T00:04:46+00:00,evaluate_table3,c042449-dirty,configs/finetune/label_0pct.yaml,42,3ce0e30a2e51,2c37c7f64455,scripts/12_evaluate.py --config configs/finetune/label_0pct.yaml --seed 42 --table 3,<REPO>/results\table_03_rq1_baselines\cells\proposed-fasttext-field-aware__0__seed42.json,row=Proposed (FastText field-aware)|col=0%|mean_anomaly_score=7.3764 eval_capped=False
2026-06-07T00:04:56+00:00,evaluate_table3,c042449-dirty,configs/finetune/label_1pct.yaml,42,3ce0e30a2e51,2c37c7f64455,scripts/12_evaluate.py --config configs/finetune/label_1pct.yaml --seed 42 --table 3,<REPO>/results\table_03_rq1_baselines\cells\proposed-fasttext-field-aware__1__seed42.json,row=Proposed (FastText field-aware)|col=1%|macro_f1=38.2422 eval_capped=False
2026-06-07T00:05:07+00:00,evaluate_table3,c042449-dirty,configs/finetune/label_5pct.yaml,42,3ce0e30a2e51,2c37c7f64455,scripts/12_evaluate.py --config configs/finetune/label_5pct.yaml --seed 42 --table 3,<REPO>/results\table_03_rq1_baselines\cells\proposed-fasttext-field-aware__5__seed42.json,row=Proposed (FastText field-aware)|col=5%|macro_f1=65.1035 eval_capped=False
2026-06-07T00:05:19+00:00,evaluate_table3,c042449-dirty,configs/finetune/label_10pct.yaml,42,3ce0e30a2e51,2c37c7f64455,scripts/12_evaluate.py --config configs/finetune/label_10pct.yaml --seed 42 --table 3,<REPO>/results\table_03_rq1_baselines\cells\proposed-fasttext-field-aware__10__seed42.json,row=Proposed (FastText field-aware)|col=10%|macro_f1=73.6091 eval_capped=False
2026-06-07T00:05:36+00:00,evaluate_table3,c042449-dirty,configs/finetune/label_20pct.yaml,42,3ce0e30a2e51,2c37c7f64455,scripts/12_evaluate.py --config configs/finetune/label_20pct.yaml --seed 42 --table 3,<REPO>/results\table_03_rq1_baselines\cells\proposed-fasttext-field-aware__20__seed42.json,row=Proposed (FastText field-aware)|col=20%|macro_f1=72.1568 eval_capped=False
2026-06-07T00:06:10+00:00,evaluate_table3,c042449-dirty,configs/finetune/label_50pct.yaml,42,3ce0e30a2e51,2c37c7f64455,scripts/12_evaluate.py --config configs/finetune/label_50pct.yaml --seed 42 --table 3,<REPO>/results\table_03_rq1_baselines\cells\proposed-fasttext-field-aware__50__seed42.json,row=Proposed (FastText field-aware)|col=50%|macro_f1=78.189 eval_capped=False
2026-06-07T00:07:29+00:00,evaluate_table3,c042449-dirty,configs/finetune/label_0pct.yaml,43,3ce0e30a2e51,2c37c7f64455,scripts/12_evaluate.py --config configs/finetune/label_0pct.yaml --seed 43 --table 3,<REPO>/results\table_03_rq1_baselines\cells\proposed-fasttext-field-aware__0__seed43.json,row=Proposed (FastText field-aware)|col=0%|mean_anomaly_score=7.3764 eval_capped=False
2026-06-07T00:07:39+00:00,evaluate_table3,c042449-dirty,configs/finetune/label_1pct.yaml,43,3ce0e30a2e51,2c37c7f64455,scripts/12_evaluate.py --config configs/finetune/label_1pct.yaml --seed 43 --table 3,<REPO>/results\table_03_rq1_baselines\cells\proposed-fasttext-field-aware__1__seed43.json,row=Proposed (FastText field-aware)|col=1%|macro_f1=38.2422 eval_capped=False
2026-06-07T00:07:49+00:00,evaluate_table3,c042449-dirty,configs/finetune/label_5pct.yaml,43,3ce0e30a2e51,2c37c7f64455,scripts/12_evaluate.py --config configs/finetune/label_5pct.yaml --seed 43 --table 3,<REPO>/results\table_03_rq1_baselines\cells\proposed-fasttext-field-aware__5__seed43.json,row=Proposed (FastText field-aware)|col=5%|macro_f1=65.1035 eval_capped=False
2026-06-07T00:08:01+00:00,evaluate_table3,c042449-dirty,configs/finetune/label_10pct.yaml,43,3ce0e30a2e51,2c37c7f64455,scripts/12_evaluate.py --config configs/finetune/label_10pct.yaml --seed 43 --table 3,<REPO>/results\table_03_rq1_baselines\cells\proposed-fasttext-field-aware__10__seed43.json,row=Proposed (FastText field-aware)|col=10%|macro_f1=73.6091 eval_capped=False
2026-06-07T00:08:18+00:00,evaluate_table3,c042449-dirty,configs/finetune/label_20pct.yaml,43,3ce0e30a2e51,2c37c7f64455,scripts/12_evaluate.py --config configs/finetune/label_20pct.yaml --seed 43 --table 3,<REPO>/results\table_03_rq1_baselines\cells\proposed-fasttext-field-aware__20__seed43.json,row=Proposed (FastText field-aware)|col=20%|macro_f1=72.1568 eval_capped=False
2026-06-07T00:08:52+00:00,evaluate_table3,c042449-dirty,configs/finetune/label_50pct.yaml,43,3ce0e30a2e51,2c37c7f64455,scripts/12_evaluate.py --config configs/finetune/label_50pct.yaml --seed 43 --table 3,<REPO>/results\table_03_rq1_baselines\cells\proposed-fasttext-field-aware__50__seed43.json,row=Proposed (FastText field-aware)|col=50%|macro_f1=78.189 eval_capped=False
2026-06-07T00:10:02+00:00,evaluate_table3,c042449-dirty,configs/finetune/label_0pct.yaml,44,3ce0e30a2e51,2c37c7f64455,scripts/12_evaluate.py --config configs/finetune/label_0pct.yaml --seed 44 --table 3,<REPO>/results\table_03_rq1_baselines\cells\proposed-fasttext-field-aware__0__seed44.json,row=Proposed (FastText field-aware)|col=0%|mean_anomaly_score=7.3764 eval_capped=False
2026-06-07T00:10:11+00:00,evaluate_table3,c042449-dirty,configs/finetune/label_1pct.yaml,44,3ce0e30a2e51,2c37c7f64455,scripts/12_evaluate.py --config configs/finetune/label_1pct.yaml --seed 44 --table 3,<REPO>/results\table_03_rq1_baselines\cells\proposed-fasttext-field-aware__1__seed44.json,row=Proposed (FastText field-aware)|col=1%|macro_f1=38.2422 eval_capped=False
2026-06-07T00:10:21+00:00,evaluate_table3,c042449-dirty,configs/finetune/label_5pct.yaml,44,3ce0e30a2e51,2c37c7f64455,scripts/12_evaluate.py --config configs/finetune/label_5pct.yaml --seed 44 --table 3,<REPO>/results\table_03_rq1_baselines\cells\proposed-fasttext-field-aware__5__seed44.json,row=Proposed (FastText field-aware)|col=5%|macro_f1=65.1035 eval_capped=False
2026-06-07T00:10:34+00:00,evaluate_table3,c042449-dirty,configs/finetune/label_10pct.yaml,44,3ce0e30a2e51,2c37c7f64455,scripts/12_evaluate.py --config configs/finetune/label_10pct.yaml --seed 44 --table 3,<REPO>/results\table_03_rq1_baselines\cells\proposed-fasttext-field-aware__10__seed44.json,row=Proposed (FastText field-aware)|col=10%|macro_f1=73.6091 eval_capped=False
2026-06-07T00:10:51+00:00,evaluate_table3,c042449-dirty,configs/finetune/label_20pct.yaml,44,3ce0e30a2e51,2c37c7f64455,scripts/12_evaluate.py --config configs/finetune/label_20pct.yaml --seed 44 --table 3,<REPO>/results\table_03_rq1_baselines\cells\proposed-fasttext-field-aware__20__seed44.json,row=Proposed (FastText field-aware)|col=20%|macro_f1=72.1568 eval_capped=False
2026-06-07T00:11:25+00:00,evaluate_table3,c042449-dirty,configs/finetune/label_50pct.yaml,44,3ce0e30a2e51,2c37c7f64455,scripts/12_evaluate.py --config configs/finetune/label_50pct.yaml --seed 44 --table 3,<REPO>/results\table_03_rq1_baselines\cells\proposed-fasttext-field-aware__50__seed44.json,row=Proposed (FastText field-aware)|col=50%|macro_f1=78.189 eval_capped=False
2026-06-07T00:12:33+00:00,evaluate_table3,c042449-dirty,configs/finetune/label_0pct.yaml,45,3ce0e30a2e51,2c37c7f64455,scripts/12_evaluate.py --config configs/finetune/label_0pct.yaml --seed 45 --table 3,<REPO>/results\table_03_rq1_baselines\cells\proposed-fasttext-field-aware__0__seed45.json,row=Proposed (FastText field-aware)|col=0%|mean_anomaly_score=7.3764 eval_capped=False
2026-06-07T00:12:42+00:00,evaluate_table3,c042449-dirty,configs/finetune/label_1pct.yaml,45,3ce0e30a2e51,2c37c7f64455,scripts/12_evaluate.py --config configs/finetune/label_1pct.yaml --seed 45 --table 3,<REPO>/results\table_03_rq1_baselines\cells\proposed-fasttext-field-aware__1__seed45.json,row=Proposed (FastText field-aware)|col=1%|macro_f1=38.2422 eval_capped=False
2026-06-07T00:12:52+00:00,evaluate_table3,c042449-dirty,configs/finetune/label_5pct.yaml,45,3ce0e30a2e51,2c37c7f64455,scripts/12_evaluate.py --config configs/finetune/label_5pct.yaml --seed 45 --table 3,<REPO>/results\table_03_rq1_baselines\cells\proposed-fasttext-field-aware__5__seed45.json,row=Proposed (FastText field-aware)|col=5%|macro_f1=65.1035 eval_capped=False
2026-06-07T00:13:04+00:00,evaluate_table3,c042449-dirty,configs/finetune/label_10pct.yaml,45,3ce0e30a2e51,2c37c7f64455,scripts/12_evaluate.py --config configs/finetune/label_10pct.yaml --seed 45 --table 3,<REPO>/results\table_03_rq1_baselines\cells\proposed-fasttext-field-aware__10__seed45.json,row=Proposed (FastText field-aware)|col=10%|macro_f1=73.6091 eval_capped=False
2026-06-07T00:13:21+00:00,evaluate_table3,c042449-dirty,configs/finetune/label_20pct.yaml,45,3ce0e30a2e51,2c37c7f64455,scripts/12_evaluate.py --config configs/finetune/label_20pct.yaml --seed 45 --table 3,<REPO>/results\table_03_rq1_baselines\cells\proposed-fasttext-field-aware__20__seed45.json,row=Proposed (FastText field-aware)|col=20%|macro_f1=72.1568 eval_capped=False
2026-06-07T00:13:55+00:00,evaluate_table3,c042449-dirty,configs/finetune/label_50pct.yaml,45,3ce0e30a2e51,2c37c7f64455,scripts/12_evaluate.py --config configs/finetune/label_50pct.yaml --seed 45 --table 3,<REPO>/results\table_03_rq1_baselines\cells\proposed-fasttext-field-aware__50__seed45.json,row=Proposed (FastText field-aware)|col=50%|macro_f1=78.189 eval_capped=False
2026-06-07T00:15:09+00:00,evaluate_table3,c042449-dirty,configs/finetune/label_0pct.yaml,46,3ce0e30a2e51,2c37c7f64455,scripts/12_evaluate.py --config configs/finetune/label_0pct.yaml --seed 46 --table 3,<REPO>/results\table_03_rq1_baselines\cells\proposed-fasttext-field-aware__0__seed46.json,row=Proposed (FastText field-aware)|col=0%|mean_anomaly_score=7.3764 eval_capped=False
2026-06-07T00:15:18+00:00,evaluate_table3,c042449-dirty,configs/finetune/label_1pct.yaml,46,3ce0e30a2e51,2c37c7f64455,scripts/12_evaluate.py --config configs/finetune/label_1pct.yaml --seed 46 --table 3,<REPO>/results\table_03_rq1_baselines\cells\proposed-fasttext-field-aware__1__seed46.json,row=Proposed (FastText field-aware)|col=1%|macro_f1=38.2422 eval_capped=False
2026-06-07T00:15:28+00:00,evaluate_table3,c042449-dirty,configs/finetune/label_5pct.yaml,46,3ce0e30a2e51,2c37c7f64455,scripts/12_evaluate.py --config configs/finetune/label_5pct.yaml --seed 46 --table 3,<REPO>/results\table_03_rq1_baselines\cells\proposed-fasttext-field-aware__5__seed46.json,row=Proposed (FastText field-aware)|col=5%|macro_f1=65.1035 eval_capped=False
2026-06-07T00:15:41+00:00,evaluate_table3,c042449-dirty,configs/finetune/label_10pct.yaml,46,3ce0e30a2e51,2c37c7f64455,scripts/12_evaluate.py --config configs/finetune/label_10pct.yaml --seed 46 --table 3,<REPO>/results\table_03_rq1_baselines\cells\proposed-fasttext-field-aware__10__seed46.json,row=Proposed (FastText field-aware)|col=10%|macro_f1=73.6091 eval_capped=False
2026-06-07T00:15:58+00:00,evaluate_table3,c042449-dirty,configs/finetune/label_20pct.yaml,46,3ce0e30a2e51,2c37c7f64455,scripts/12_evaluate.py --config configs/finetune/label_20pct.yaml --seed 46 --table 3,<REPO>/results\table_03_rq1_baselines\cells\proposed-fasttext-field-aware__20__seed46.json,row=Proposed (FastText field-aware)|col=20%|macro_f1=72.1568 eval_capped=False
2026-06-07T00:16:32+00:00,evaluate_table3,c042449-dirty,configs/finetune/label_50pct.yaml,46,3ce0e30a2e51,2c37c7f64455,scripts/12_evaluate.py --config configs/finetune/label_50pct.yaml --seed 46 --table 3,<REPO>/results\table_03_rq1_baselines\cells\proposed-fasttext-field-aware__50__seed46.json,row=Proposed (FastText field-aware)|col=50%|macro_f1=78.189 eval_capped=False
2026-06-07T00:21:25+00:00,baseline_isolation_forest,c042449-dirty,<REPO>/configs/baselines/isolation_forest.yaml,42,3ce0e30a2e51,2c37c7f64455,<REPO>/scripts/20_run_baseline.py --config <REPO>/configs/baselines/isolation_forest.yaml --seed 42 --device cpu,<REPO>/results\table_03_rq1_baselines\isolation_forest.json,value=0.31363 eval_capped=False
2026-06-07T00:22:31+00:00,baseline_ocsvm,c042449-dirty,<REPO>/configs/baselines/ocsvm.yaml,42,3ce0e30a2e51,2c37c7f64455,<REPO>/scripts/20_run_baseline.py --config <REPO>/configs/baselines/ocsvm.yaml --seed 42 --device cpu,<REPO>/results\table_03_rq1_baselines\ocsvm.json,value=1.146014 eval_capped=False
2026-06-07T00:22:38+00:00,baseline_tfidf_logreg,c042449-dirty,<REPO>/configs/baselines/tfidf_logreg.yaml,42,3ce0e30a2e51,2c37c7f64455,<REPO>/scripts/20_run_baseline.py --config <REPO>/configs/baselines/tfidf_logreg.yaml --seed 42 --device cpu,<REPO>/results\table_03_rq1_baselines\tfidf_logreg.json,value=50.8054 eval_capped=False
2026-06-07T00:23:00+00:00,baseline_tfidf_svd_hgbdt,c042449-dirty,<REPO>/configs/baselines/tfidf_svd_hgbdt.yaml,42,3ce0e30a2e51,2c37c7f64455,<REPO>/scripts/20_run_baseline.py --config <REPO>/configs/baselines/tfidf_svd_hgbdt.yaml --seed 42 --device cpu,<REPO>/results\table_03_rq1_baselines\tfidf_svd_hgbdt.json,value=68.6023 eval_capped=False
2026-06-07T00:23:04+00:00,baseline_status_only,c042449-dirty,<REPO>/configs/baselines/status_only.yaml,42,3ce0e30a2e51,2c37c7f64455,<REPO>/scripts/20_run_baseline.py --config <REPO>/configs/baselines/status_only.yaml --seed 42 --device cpu,<REPO>/results\table_03_rq1_baselines\status_only.json,value=17.5611 eval_capped=False
2026-06-07T00:23:59+00:00,baseline_char_cnn,c042449-dirty,<REPO>/configs/baselines/char_cnn.yaml,42,3ce0e30a2e51,2c37c7f64455,<REPO>/scripts/20_run_baseline.py --config <REPO>/configs/baselines/char_cnn.yaml --seed 42 --device cpu,<REPO>/results\table_03_rq1_baselines\char_cnn.json,value=54.5543 eval_capped=False
2026-06-07T00:24:03+00:00,baseline_modsec_learn,c042449-dirty,<REPO>/configs/baselines/modsec_learn.yaml,42,3ce0e30a2e51,2c37c7f64455,<REPO>/scripts/20_run_baseline.py --config <REPO>/configs/baselines/modsec_learn.yaml --seed 42 --device cpu,<REPO>/results\table_03_rq1_baselines\modsec_learn.json,value=90.9558 eval_capped=False
2026-06-07T00:24:08+00:00,baseline_modsec_advlearn,c042449-dirty,<REPO>/configs/baselines/modsec_advlearn.yaml,42,3ce0e30a2e51,2c37c7f64455,<REPO>/scripts/20_run_baseline.py --config <REPO>/configs/baselines/modsec_advlearn.yaml --seed 42 --device cpu,<REPO>/results\table_03_rq1_baselines\modsec_advlearn.json,value=76.127 eval_capped=False
2026-06-07T00:25:51+00:00,baseline_deeplog,c042449-dirty,<REPO>/configs/baselines/deeplog.yaml,42,3ce0e30a2e51,2c37c7f64455,<REPO>/scripts/20_run_baseline.py --config <REPO>/configs/baselines/deeplog.yaml --seed 42 --device cpu,<REPO>/results\table_03_rq1_baselines\deeplog.json,value=12.0504 eval_capped=False
2026-06-07T00:30:39+00:00,baseline_isolation_forest,c042449-dirty,<REPO>/configs/baselines/isolation_forest.yaml,43,3ce0e30a2e51,2c37c7f64455,<REPO>/scripts/20_run_baseline.py --config <REPO>/configs/baselines/isolation_forest.yaml --seed 43 --device cpu,<REPO>/results\table_03_rq1_baselines\isolation_forest.json,value=0.313831 eval_capped=False
2026-06-07T00:31:45+00:00,baseline_ocsvm,c042449-dirty,<REPO>/configs/baselines/ocsvm.yaml,43,3ce0e30a2e51,2c37c7f64455,<REPO>/scripts/20_run_baseline.py --config <REPO>/configs/baselines/ocsvm.yaml --seed 43 --device cpu,<REPO>/results\table_03_rq1_baselines\ocsvm.json,value=1.146014 eval_capped=False
2026-06-07T00:31:52+00:00,baseline_tfidf_logreg,c042449-dirty,<REPO>/configs/baselines/tfidf_logreg.yaml,43,3ce0e30a2e51,2c37c7f64455,<REPO>/scripts/20_run_baseline.py --config <REPO>/configs/baselines/tfidf_logreg.yaml --seed 43 --device cpu,<REPO>/results\table_03_rq1_baselines\tfidf_logreg.json,value=50.8054 eval_capped=False
2026-06-07T00:32:14+00:00,baseline_tfidf_svd_hgbdt,c042449-dirty,<REPO>/configs/baselines/tfidf_svd_hgbdt.yaml,43,3ce0e30a2e51,2c37c7f64455,<REPO>/scripts/20_run_baseline.py --config <REPO>/configs/baselines/tfidf_svd_hgbdt.yaml --seed 43 --device cpu,<REPO>/results\table_03_rq1_baselines\tfidf_svd_hgbdt.json,value=67.4525 eval_capped=False
2026-06-07T00:32:18+00:00,baseline_status_only,c042449-dirty,<REPO>/configs/baselines/status_only.yaml,43,3ce0e30a2e51,2c37c7f64455,<REPO>/scripts/20_run_baseline.py --config <REPO>/configs/baselines/status_only.yaml --seed 43 --device cpu,<REPO>/results\table_03_rq1_baselines\status_only.json,value=17.5611 eval_capped=False
2026-06-07T00:33:13+00:00,baseline_char_cnn,c042449-dirty,<REPO>/configs/baselines/char_cnn.yaml,43,3ce0e30a2e51,2c37c7f64455,<REPO>/scripts/20_run_baseline.py --config <REPO>/configs/baselines/char_cnn.yaml --seed 43 --device cpu,<REPO>/results\table_03_rq1_baselines\char_cnn.json,value=59.0626 eval_capped=False
2026-06-07T00:33:17+00:00,baseline_modsec_learn,c042449-dirty,<REPO>/configs/baselines/modsec_learn.yaml,43,3ce0e30a2e51,2c37c7f64455,<REPO>/scripts/20_run_baseline.py --config <REPO>/configs/baselines/modsec_learn.yaml --seed 43 --device cpu,<REPO>/results\table_03_rq1_baselines\modsec_learn.json,value=90.9558 eval_capped=False
2026-06-07T00:33:22+00:00,baseline_modsec_advlearn,c042449-dirty,<REPO>/configs/baselines/modsec_advlearn.yaml,43,3ce0e30a2e51,2c37c7f64455,<REPO>/scripts/20_run_baseline.py --config <REPO>/configs/baselines/modsec_advlearn.yaml --seed 43 --device cpu,<REPO>/results\table_03_rq1_baselines\modsec_advlearn.json,value=76.127 eval_capped=False
2026-06-07T00:35:04+00:00,baseline_deeplog,c042449-dirty,<REPO>/configs/baselines/deeplog.yaml,43,3ce0e30a2e51,2c37c7f64455,<REPO>/scripts/20_run_baseline.py --config <REPO>/configs/baselines/deeplog.yaml --seed 43 --device cpu,<REPO>/results\table_03_rq1_baselines\deeplog.json,value=11.9342 eval_capped=False
2026-06-07T00:40:02+00:00,baseline_isolation_forest,c042449-dirty,<REPO>/configs/baselines/isolation_forest.yaml,44,3ce0e30a2e51,2c37c7f64455,<REPO>/scripts/20_run_baseline.py --config <REPO>/configs/baselines/isolation_forest.yaml --seed 44 --device cpu,<REPO>/results\table_03_rq1_baselines\isolation_forest.json,value=0.317128 eval_capped=False
2026-06-07T00:41:08+00:00,baseline_ocsvm,c042449-dirty,<REPO>/configs/baselines/ocsvm.yaml,44,3ce0e30a2e51,2c37c7f64455,<REPO>/scripts/20_run_baseline.py --config <REPO>/configs/baselines/ocsvm.yaml --seed 44 --device cpu,<REPO>/results\table_03_rq1_baselines\ocsvm.json,value=1.146014 eval_capped=False
2026-06-07T00:41:15+00:00,baseline_tfidf_logreg,c042449-dirty,<REPO>/configs/baselines/tfidf_logreg.yaml,44,3ce0e30a2e51,2c37c7f64455,<REPO>/scripts/20_run_baseline.py --config <REPO>/configs/baselines/tfidf_logreg.yaml --seed 44 --device cpu,<REPO>/results\table_03_rq1_baselines\tfidf_logreg.json,value=50.8054 eval_capped=False
2026-06-07T00:41:37+00:00,baseline_tfidf_svd_hgbdt,c042449-dirty,<REPO>/configs/baselines/tfidf_svd_hgbdt.yaml,44,3ce0e30a2e51,2c37c7f64455,<REPO>/scripts/20_run_baseline.py --config <REPO>/configs/baselines/tfidf_svd_hgbdt.yaml --seed 44 --device cpu,<REPO>/results\table_03_rq1_baselines\tfidf_svd_hgbdt.json,value=68.1302 eval_capped=False
2026-06-07T00:41:40+00:00,baseline_status_only,c042449-dirty,<REPO>/configs/baselines/status_only.yaml,44,3ce0e30a2e51,2c37c7f64455,<REPO>/scripts/20_run_baseline.py --config <REPO>/configs/baselines/status_only.yaml --seed 44 --device cpu,<REPO>/results\table_03_rq1_baselines\status_only.json,value=17.5611 eval_capped=False
2026-06-07T00:42:35+00:00,baseline_char_cnn,c042449-dirty,<REPO>/configs/baselines/char_cnn.yaml,44,3ce0e30a2e51,2c37c7f64455,<REPO>/scripts/20_run_baseline.py --config <REPO>/configs/baselines/char_cnn.yaml --seed 44 --device cpu,<REPO>/results\table_03_rq1_baselines\char_cnn.json,value=56.4424 eval_capped=False
2026-06-07T00:42:40+00:00,baseline_modsec_learn,c042449-dirty,<REPO>/configs/baselines/modsec_learn.yaml,44,3ce0e30a2e51,2c37c7f64455,<REPO>/scripts/20_run_baseline.py --config <REPO>/configs/baselines/modsec_learn.yaml --seed 44 --device cpu,<REPO>/results\table_03_rq1_baselines\modsec_learn.json,value=90.9558 eval_capped=False
2026-06-07T00:42:45+00:00,baseline_modsec_advlearn,c042449-dirty,<REPO>/configs/baselines/modsec_advlearn.yaml,44,3ce0e30a2e51,2c37c7f64455,<REPO>/scripts/20_run_baseline.py --config <REPO>/configs/baselines/modsec_advlearn.yaml --seed 44 --device cpu,<REPO>/results\table_03_rq1_baselines\modsec_advlearn.json,value=76.127 eval_capped=False
2026-06-07T00:44:26+00:00,baseline_deeplog,c042449-dirty,<REPO>/configs/baselines/deeplog.yaml,44,3ce0e30a2e51,2c37c7f64455,<REPO>/scripts/20_run_baseline.py --config <REPO>/configs/baselines/deeplog.yaml --seed 44 --device cpu,<REPO>/results\table_03_rq1_baselines\deeplog.json,value=12.1434 eval_capped=False
2026-06-07T00:49:11+00:00,baseline_isolation_forest,c042449-dirty,<REPO>/configs/baselines/isolation_forest.yaml,45,3ce0e30a2e51,2c37c7f64455,<REPO>/scripts/20_run_baseline.py --config <REPO>/configs/baselines/isolation_forest.yaml --seed 45 --device cpu,<REPO>/results\table_03_rq1_baselines\isolation_forest.json,value=0.317379 eval_capped=False
2026-06-07T00:50:17+00:00,baseline_ocsvm,c042449-dirty,<REPO>/configs/baselines/ocsvm.yaml,45,3ce0e30a2e51,2c37c7f64455,<REPO>/scripts/20_run_baseline.py --config <REPO>/configs/baselines/ocsvm.yaml --seed 45 --device cpu,<REPO>/results\table_03_rq1_baselines\ocsvm.json,value=1.146014 eval_capped=False
2026-06-07T00:50:24+00:00,baseline_tfidf_logreg,c042449-dirty,<REPO>/configs/baselines/tfidf_logreg.yaml,45,3ce0e30a2e51,2c37c7f64455,<REPO>/scripts/20_run_baseline.py --config <REPO>/configs/baselines/tfidf_logreg.yaml --seed 45 --device cpu,<REPO>/results\table_03_rq1_baselines\tfidf_logreg.json,value=50.8054 eval_capped=False
2026-06-07T00:50:45+00:00,baseline_tfidf_svd_hgbdt,c042449-dirty,<REPO>/configs/baselines/tfidf_svd_hgbdt.yaml,45,3ce0e30a2e51,2c37c7f64455,<REPO>/scripts/20_run_baseline.py --config <REPO>/configs/baselines/tfidf_svd_hgbdt.yaml --seed 45 --device cpu,<REPO>/results\table_03_rq1_baselines\tfidf_svd_hgbdt.json,value=68.0588 eval_capped=False
2026-06-07T00:50:48+00:00,baseline_status_only,c042449-dirty,<REPO>/configs/baselines/status_only.yaml,45,3ce0e30a2e51,2c37c7f64455,<REPO>/scripts/20_run_baseline.py --config <REPO>/configs/baselines/status_only.yaml --seed 45 --device cpu,<REPO>/results\table_03_rq1_baselines\status_only.json,value=17.5611 eval_capped=False
2026-06-07T00:51:43+00:00,baseline_char_cnn,c042449-dirty,<REPO>/configs/baselines/char_cnn.yaml,45,3ce0e30a2e51,2c37c7f64455,<REPO>/scripts/20_run_baseline.py --config <REPO>/configs/baselines/char_cnn.yaml --seed 45 --device cpu,<REPO>/results\table_03_rq1_baselines\char_cnn.json,value=57.7608 eval_capped=False
2026-06-07T00:51:48+00:00,baseline_modsec_learn,c042449-dirty,<REPO>/configs/baselines/modsec_learn.yaml,45,3ce0e30a2e51,2c37c7f64455,<REPO>/scripts/20_run_baseline.py --config <REPO>/configs/baselines/modsec_learn.yaml --seed 45 --device cpu,<REPO>/results\table_03_rq1_baselines\modsec_learn.json,value=90.9558 eval_capped=False
2026-06-07T00:51:53+00:00,baseline_modsec_advlearn,c042449-dirty,<REPO>/configs/baselines/modsec_advlearn.yaml,45,3ce0e30a2e51,2c37c7f64455,<REPO>/scripts/20_run_baseline.py --config <REPO>/configs/baselines/modsec_advlearn.yaml --seed 45 --device cpu,<REPO>/results\table_03_rq1_baselines\modsec_advlearn.json,value=76.127 eval_capped=False
2026-06-07T00:53:35+00:00,baseline_deeplog,c042449-dirty,<REPO>/configs/baselines/deeplog.yaml,45,3ce0e30a2e51,2c37c7f64455,<REPO>/scripts/20_run_baseline.py --config <REPO>/configs/baselines/deeplog.yaml --seed 45 --device cpu,<REPO>/results\table_03_rq1_baselines\deeplog.json,value=11.5391 eval_capped=False
2026-06-07T00:58:33+00:00,baseline_isolation_forest,c042449-dirty,<REPO>/configs/baselines/isolation_forest.yaml,46,3ce0e30a2e51,2c37c7f64455,<REPO>/scripts/20_run_baseline.py --config <REPO>/configs/baselines/isolation_forest.yaml --seed 46 --device cpu,<REPO>/results\table_03_rq1_baselines\isolation_forest.json,value=0.31377 eval_capped=False
2026-06-07T00:59:50+00:00,baseline_ocsvm,c042449-dirty,<REPO>/configs/baselines/ocsvm.yaml,46,3ce0e30a2e51,2c37c7f64455,<REPO>/scripts/20_run_baseline.py --config <REPO>/configs/baselines/ocsvm.yaml --seed 46 --device cpu,<REPO>/results\table_03_rq1_baselines\ocsvm.json,value=1.146014 eval_capped=False
2026-06-07T00:59:57+00:00,baseline_tfidf_logreg,c042449-dirty,<REPO>/configs/baselines/tfidf_logreg.yaml,46,3ce0e30a2e51,2c37c7f64455,<REPO>/scripts/20_run_baseline.py --config <REPO>/configs/baselines/tfidf_logreg.yaml --seed 46 --device cpu,<REPO>/results\table_03_rq1_baselines\tfidf_logreg.json,value=50.8054 eval_capped=False
2026-06-07T01:00:20+00:00,baseline_tfidf_svd_hgbdt,c042449-dirty,<REPO>/configs/baselines/tfidf_svd_hgbdt.yaml,46,3ce0e30a2e51,2c37c7f64455,<REPO>/scripts/20_run_baseline.py --config <REPO>/configs/baselines/tfidf_svd_hgbdt.yaml --seed 46 --device cpu,<REPO>/results\table_03_rq1_baselines\tfidf_svd_hgbdt.json,value=66.5814 eval_capped=False
2026-06-07T01:00:23+00:00,baseline_status_only,c042449-dirty,<REPO>/configs/baselines/status_only.yaml,46,3ce0e30a2e51,2c37c7f64455,<REPO>/scripts/20_run_baseline.py --config <REPO>/configs/baselines/status_only.yaml --seed 46 --device cpu,<REPO>/results\table_03_rq1_baselines\status_only.json,value=17.5611 eval_capped=False
2026-06-07T01:01:19+00:00,baseline_char_cnn,c042449-dirty,<REPO>/configs/baselines/char_cnn.yaml,46,3ce0e30a2e51,2c37c7f64455,<REPO>/scripts/20_run_baseline.py --config <REPO>/configs/baselines/char_cnn.yaml --seed 46 --device cpu,<REPO>/results\table_03_rq1_baselines\char_cnn.json,value=59.7697 eval_capped=False
2026-06-07T01:01:24+00:00,baseline_modsec_learn,c042449-dirty,<REPO>/configs/baselines/modsec_learn.yaml,46,3ce0e30a2e51,2c37c7f64455,<REPO>/scripts/20_run_baseline.py --config <REPO>/configs/baselines/modsec_learn.yaml --seed 46 --device cpu,<REPO>/results\table_03_rq1_baselines\modsec_learn.json,value=90.9558 eval_capped=False
2026-06-07T01:01:29+00:00,baseline_modsec_advlearn,c042449-dirty,<REPO>/configs/baselines/modsec_advlearn.yaml,46,3ce0e30a2e51,2c37c7f64455,<REPO>/scripts/20_run_baseline.py --config <REPO>/configs/baselines/modsec_advlearn.yaml --seed 46 --device cpu,<REPO>/results\table_03_rq1_baselines\modsec_advlearn.json,value=76.127 eval_capped=False
2026-06-07T01:03:11+00:00,baseline_deeplog,c042449-dirty,<REPO>/configs/baselines/deeplog.yaml,46,3ce0e30a2e51,2c37c7f64455,<REPO>/scripts/20_run_baseline.py --config <REPO>/configs/baselines/deeplog.yaml --seed 46 --device cpu,<REPO>/results\table_03_rq1_baselines\deeplog.json,value=12.0098 eval_capped=False
2026-06-07T01:03:19+00:00,evaluate_table5,c042449-dirty,configs/ablation/flat_no_typed_embed.yaml,42,3ce0e30a2e51,2c37c7f64455,scripts/12_evaluate.py --config configs/ablation/flat_no_typed_embed.yaml --seed 42 --table 5,<REPO>/results\table_05_field_granularity\cells\flat-no-typed-embedding__5__seed42.json,row=Flat (no typed embedding)|col=5%|macro_f1=57.2177 eval_capped=False
2026-06-07T01:03:28+00:00,evaluate_table5,c042449-dirty,configs/ablation/three_field.yaml,42,3ce0e30a2e51,2c37c7f64455,scripts/12_evaluate.py --config configs/ablation/three_field.yaml --seed 42 --table 5,<REPO>/results\table_05_field_granularity\cells\3-field-request-client-response__5__seed42.json,row=3-field (request/client/response)|col=5%|macro_f1=64.6608 eval_capped=False
2026-06-07T01:03:39+00:00,evaluate_table5,c042449-dirty,configs/ablation/six_field.yaml,42,3ce0e30a2e51,2c37c7f64455,scripts/12_evaluate.py --config configs/ablation/six_field.yaml --seed 42 --table 5,<REPO>/results\table_05_field_granularity\cells\6-field-proposed__5__seed42.json,row=6-field (proposed)|col=5%|macro_f1=65.1035 eval_capped=False
2026-06-07T01:03:48+00:00,evaluate_table5,c042449-dirty,configs/ablation/six_field_status_masked.yaml,42,3ce0e30a2e51,2c37c7f64455,scripts/12_evaluate.py --config configs/ablation/six_field_status_masked.yaml --seed 42 --table 5,<REPO>/results\table_05_field_granularity\cells\6-field-status-masked__5__seed42.json,"row=6-field, status masked|col=5%|macro_f1=61.2883 eval_capped=False"
2026-06-07T01:03:57+00:00,evaluate_table5,c042449-dirty,configs/ablation/flat_no_typed_embed_10pct.yaml,42,3ce0e30a2e51,2c37c7f64455,scripts/12_evaluate.py --config configs/ablation/flat_no_typed_embed_10pct.yaml --seed 42 --table 5,<REPO>/results\table_05_field_granularity\cells\fasttext-flat-10-no-typed__10__seed42.json,row=FastText flat @10% (no typed)|col=10%|macro_f1=56.3375 eval_capped=False
2026-06-07T01:04:09+00:00,evaluate_table5,c042449-dirty,configs/ablation/flat_v768_capacity_matched.yaml,42,3ce0e30a2e51,2c37c7f64455,scripts/12_evaluate.py --config configs/ablation/flat_v768_capacity_matched.yaml --seed 42 --table 5,<REPO>/results\table_05_field_granularity\cells\flat-768-capacity-matched__5__seed42.json,row=Flat @768 (capacity-matched)|col=5%|macro_f1=55.9964 eval_capped=False
2026-06-07T01:04:22+00:00,evaluate_table5,c042449-dirty,configs/ablation/flat_v768_capacity_matched_10pct.yaml,42,3ce0e30a2e51,2c37c7f64455,scripts/12_evaluate.py --config configs/ablation/flat_v768_capacity_matched_10pct.yaml --seed 42 --table 5,<REPO>/results\table_05_field_granularity\cells\flat-768-capacity-matched-10__10__seed42.json,row=Flat @768 (capacity-matched) @10%|col=10%|macro_f1=59.0284 eval_capped=False
2026-06-07T01:04:30+00:00,evaluate_table5,c042449-dirty,configs/ablation/flat_no_typed_embed.yaml,43,3ce0e30a2e51,2c37c7f64455,scripts/12_evaluate.py --config configs/ablation/flat_no_typed_embed.yaml --seed 43 --table 5,<REPO>/results\table_05_field_granularity\cells\flat-no-typed-embedding__5__seed43.json,row=Flat (no typed embedding)|col=5%|macro_f1=57.2177 eval_capped=False
2026-06-07T01:04:40+00:00,evaluate_table5,c042449-dirty,configs/ablation/three_field.yaml,43,3ce0e30a2e51,2c37c7f64455,scripts/12_evaluate.py --config configs/ablation/three_field.yaml --seed 43 --table 5,<REPO>/results\table_05_field_granularity\cells\3-field-request-client-response__5__seed43.json,row=3-field (request/client/response)|col=5%|macro_f1=64.6608 eval_capped=False
2026-06-07T01:04:50+00:00,evaluate_table5,c042449-dirty,configs/ablation/six_field.yaml,43,3ce0e30a2e51,2c37c7f64455,scripts/12_evaluate.py --config configs/ablation/six_field.yaml --seed 43 --table 5,<REPO>/results\table_05_field_granularity\cells\6-field-proposed__5__seed43.json,row=6-field (proposed)|col=5%|macro_f1=65.1035 eval_capped=False
2026-06-07T01:04:59+00:00,evaluate_table5,c042449-dirty,configs/ablation/six_field_status_masked.yaml,43,3ce0e30a2e51,2c37c7f64455,scripts/12_evaluate.py --config configs/ablation/six_field_status_masked.yaml --seed 43 --table 5,<REPO>/results\table_05_field_granularity\cells\6-field-status-masked__5__seed43.json,"row=6-field, status masked|col=5%|macro_f1=61.2883 eval_capped=False"
2026-06-07T01:05:08+00:00,evaluate_table5,c042449-dirty,configs/ablation/flat_no_typed_embed_10pct.yaml,43,3ce0e30a2e51,2c37c7f64455,scripts/12_evaluate.py --config configs/ablation/flat_no_typed_embed_10pct.yaml --seed 43 --table 5,<REPO>/results\table_05_field_granularity\cells\fasttext-flat-10-no-typed__10__seed43.json,row=FastText flat @10% (no typed)|col=10%|macro_f1=56.3375 eval_capped=False
2026-06-07T01:05:19+00:00,evaluate_table5,c042449-dirty,configs/ablation/flat_v768_capacity_matched.yaml,43,3ce0e30a2e51,2c37c7f64455,scripts/12_evaluate.py --config configs/ablation/flat_v768_capacity_matched.yaml --seed 43 --table 5,<REPO>/results\table_05_field_granularity\cells\flat-768-capacity-matched__5__seed43.json,row=Flat @768 (capacity-matched)|col=5%|macro_f1=55.9964 eval_capped=False
2026-06-07T01:05:32+00:00,evaluate_table5,c042449-dirty,configs/ablation/flat_v768_capacity_matched_10pct.yaml,43,3ce0e30a2e51,2c37c7f64455,scripts/12_evaluate.py --config configs/ablation/flat_v768_capacity_matched_10pct.yaml --seed 43 --table 5,<REPO>/results\table_05_field_granularity\cells\flat-768-capacity-matched-10__10__seed43.json,row=Flat @768 (capacity-matched) @10%|col=10%|macro_f1=59.0284 eval_capped=False
2026-06-07T01:05:41+00:00,evaluate_table5,c042449-dirty,configs/ablation/flat_no_typed_embed.yaml,44,3ce0e30a2e51,2c37c7f64455,scripts/12_evaluate.py --config configs/ablation/flat_no_typed_embed.yaml --seed 44 --table 5,<REPO>/results\table_05_field_granularity\cells\flat-no-typed-embedding__5__seed44.json,row=Flat (no typed embedding)|col=5%|macro_f1=57.2177 eval_capped=False
2026-06-07T01:05:50+00:00,evaluate_table5,c042449-dirty,configs/ablation/three_field.yaml,44,3ce0e30a2e51,2c37c7f64455,scripts/12_evaluate.py --config configs/ablation/three_field.yaml --seed 44 --table 5,<REPO>/results\table_05_field_granularity\cells\3-field-request-client-response__5__seed44.json,row=3-field (request/client/response)|col=5%|macro_f1=64.6608 eval_capped=False
2026-06-07T01:06:00+00:00,evaluate_table5,c042449-dirty,configs/ablation/six_field.yaml,44,3ce0e30a2e51,2c37c7f64455,scripts/12_evaluate.py --config configs/ablation/six_field.yaml --seed 44 --table 5,<REPO>/results\table_05_field_granularity\cells\6-field-proposed__5__seed44.json,row=6-field (proposed)|col=5%|macro_f1=65.1035 eval_capped=False
2026-06-07T01:06:10+00:00,evaluate_table5,c042449-dirty,configs/ablation/six_field_status_masked.yaml,44,3ce0e30a2e51,2c37c7f64455,scripts/12_evaluate.py --config configs/ablation/six_field_status_masked.yaml --seed 44 --table 5,<REPO>/results\table_05_field_granularity\cells\6-field-status-masked__5__seed44.json,"row=6-field, status masked|col=5%|macro_f1=61.2883 eval_capped=False"
2026-06-07T01:06:20+00:00,evaluate_table5,c042449-dirty,configs/ablation/flat_no_typed_embed_10pct.yaml,44,3ce0e30a2e51,2c37c7f64455,scripts/12_evaluate.py --config configs/ablation/flat_no_typed_embed_10pct.yaml --seed 44 --table 5,<REPO>/results\table_05_field_granularity\cells\fasttext-flat-10-no-typed__10__seed44.json,row=FastText flat @10% (no typed)|col=10%|macro_f1=56.3375 eval_capped=False
2026-06-07T01:06:31+00:00,evaluate_table5,c042449-dirty,configs/ablation/flat_v768_capacity_matched.yaml,44,3ce0e30a2e51,2c37c7f64455,scripts/12_evaluate.py --config configs/ablation/flat_v768_capacity_matched.yaml --seed 44 --table 5,<REPO>/results\table_05_field_granularity\cells\flat-768-capacity-matched__5__seed44.json,row=Flat @768 (capacity-matched)|col=5%|macro_f1=55.9964 eval_capped=False
2026-06-07T01:06:45+00:00,evaluate_table5,c042449-dirty,configs/ablation/flat_v768_capacity_matched_10pct.yaml,44,3ce0e30a2e51,2c37c7f64455,scripts/12_evaluate.py --config configs/ablation/flat_v768_capacity_matched_10pct.yaml --seed 44 --table 5,<REPO>/results\table_05_field_granularity\cells\flat-768-capacity-matched-10__10__seed44.json,row=Flat @768 (capacity-matched) @10%|col=10%|macro_f1=59.0284 eval_capped=False
2026-06-07T01:06:53+00:00,evaluate_table5,c042449-dirty,configs/ablation/flat_no_typed_embed.yaml,45,3ce0e30a2e51,2c37c7f64455,scripts/12_evaluate.py --config configs/ablation/flat_no_typed_embed.yaml --seed 45 --table 5,<REPO>/results\table_05_field_granularity\cells\flat-no-typed-embedding__5__seed45.json,row=Flat (no typed embedding)|col=5%|macro_f1=57.2177 eval_capped=False
2026-06-07T01:07:02+00:00,evaluate_table5,c042449-dirty,configs/ablation/three_field.yaml,45,3ce0e30a2e51,2c37c7f64455,scripts/12_evaluate.py --config configs/ablation/three_field.yaml --seed 45 --table 5,<REPO>/results\table_05_field_granularity\cells\3-field-request-client-response__5__seed45.json,row=3-field (request/client/response)|col=5%|macro_f1=64.6608 eval_capped=False
2026-06-07T01:07:12+00:00,evaluate_table5,c042449-dirty,configs/ablation/six_field.yaml,45,3ce0e30a2e51,2c37c7f64455,scripts/12_evaluate.py --config configs/ablation/six_field.yaml --seed 45 --table 5,<REPO>/results\table_05_field_granularity\cells\6-field-proposed__5__seed45.json,row=6-field (proposed)|col=5%|macro_f1=65.1035 eval_capped=False
2026-06-07T01:07:22+00:00,evaluate_table5,c042449-dirty,configs/ablation/six_field_status_masked.yaml,45,3ce0e30a2e51,2c37c7f64455,scripts/12_evaluate.py --config configs/ablation/six_field_status_masked.yaml --seed 45 --table 5,<REPO>/results\table_05_field_granularity\cells\6-field-status-masked__5__seed45.json,"row=6-field, status masked|col=5%|macro_f1=61.2883 eval_capped=False"
2026-06-07T01:07:31+00:00,evaluate_table5,c042449-dirty,configs/ablation/flat_no_typed_embed_10pct.yaml,45,3ce0e30a2e51,2c37c7f64455,scripts/12_evaluate.py --config configs/ablation/flat_no_typed_embed_10pct.yaml --seed 45 --table 5,<REPO>/results\table_05_field_granularity\cells\fasttext-flat-10-no-typed__10__seed45.json,row=FastText flat @10% (no typed)|col=10%|macro_f1=56.3375 eval_capped=False
2026-06-07T01:07:41+00:00,evaluate_table5,c042449-dirty,configs/ablation/flat_v768_capacity_matched.yaml,45,3ce0e30a2e51,2c37c7f64455,scripts/12_evaluate.py --config configs/ablation/flat_v768_capacity_matched.yaml --seed 45 --table 5,<REPO>/results\table_05_field_granularity\cells\flat-768-capacity-matched__5__seed45.json,row=Flat @768 (capacity-matched)|col=5%|macro_f1=55.9964 eval_capped=False
2026-06-07T01:07:55+00:00,evaluate_table5,c042449-dirty,configs/ablation/flat_v768_capacity_matched_10pct.yaml,45,3ce0e30a2e51,2c37c7f64455,scripts/12_evaluate.py --config configs/ablation/flat_v768_capacity_matched_10pct.yaml --seed 45 --table 5,<REPO>/results\table_05_field_granularity\cells\flat-768-capacity-matched-10__10__seed45.json,row=Flat @768 (capacity-matched) @10%|col=10%|macro_f1=59.0284 eval_capped=False
2026-06-07T01:08:03+00:00,evaluate_table5,c042449-dirty,configs/ablation/flat_no_typed_embed.yaml,46,3ce0e30a2e51,2c37c7f64455,scripts/12_evaluate.py --config configs/ablation/flat_no_typed_embed.yaml --seed 46 --table 5,<REPO>/results\table_05_field_granularity\cells\flat-no-typed-embedding__5__seed46.json,row=Flat (no typed embedding)|col=5%|macro_f1=57.2177 eval_capped=False
2026-06-07T01:08:13+00:00,evaluate_table5,c042449-dirty,configs/ablation/three_field.yaml,46,3ce0e30a2e51,2c37c7f64455,scripts/12_evaluate.py --config configs/ablation/three_field.yaml --seed 46 --table 5,<REPO>/results\table_05_field_granularity\cells\3-field-request-client-response__5__seed46.json,row=3-field (request/client/response)|col=5%|macro_f1=64.6608 eval_capped=False
2026-06-07T01:08:23+00:00,evaluate_table5,c042449-dirty,configs/ablation/six_field.yaml,46,3ce0e30a2e51,2c37c7f64455,scripts/12_evaluate.py --config configs/ablation/six_field.yaml --seed 46 --table 5,<REPO>/results\table_05_field_granularity\cells\6-field-proposed__5__seed46.json,row=6-field (proposed)|col=5%|macro_f1=65.1035 eval_capped=False
2026-06-07T01:08:32+00:00,evaluate_table5,c042449-dirty,configs/ablation/six_field_status_masked.yaml,46,3ce0e30a2e51,2c37c7f64455,scripts/12_evaluate.py --config configs/ablation/six_field_status_masked.yaml --seed 46 --table 5,<REPO>/results\table_05_field_granularity\cells\6-field-status-masked__5__seed46.json,"row=6-field, status masked|col=5%|macro_f1=61.2883 eval_capped=False"
2026-06-07T01:08:42+00:00,evaluate_table5,c042449-dirty,configs/ablation/flat_no_typed_embed_10pct.yaml,46,3ce0e30a2e51,2c37c7f64455,scripts/12_evaluate.py --config configs/ablation/flat_no_typed_embed_10pct.yaml --seed 46 --table 5,<REPO>/results\table_05_field_granularity\cells\fasttext-flat-10-no-typed__10__seed46.json,row=FastText flat @10% (no typed)|col=10%|macro_f1=56.3375 eval_capped=False
2026-06-07T01:08:53+00:00,evaluate_table5,c042449-dirty,configs/ablation/flat_v768_capacity_matched.yaml,46,3ce0e30a2e51,2c37c7f64455,scripts/12_evaluate.py --config configs/ablation/flat_v768_capacity_matched.yaml --seed 46 --table 5,<REPO>/results\table_05_field_granularity\cells\flat-768-capacity-matched__5__seed46.json,row=Flat @768 (capacity-matched)|col=5%|macro_f1=55.9964 eval_capped=False
2026-06-07T01:09:06+00:00,evaluate_table5,c042449-dirty,configs/ablation/flat_v768_capacity_matched_10pct.yaml,46,3ce0e30a2e51,2c37c7f64455,scripts/12_evaluate.py --config configs/ablation/flat_v768_capacity_matched_10pct.yaml --seed 46 --table 5,<REPO>/results\table_05_field_granularity\cells\flat-768-capacity-matched-10__10__seed46.json,row=Flat @768 (capacity-matched) @10%|col=10%|macro_f1=59.0284 eval_capped=False
2026-06-07T01:09:16+00:00,evaluate_table6,c042449-dirty,configs/finetune/label_5pct.yaml,42,3ce0e30a2e51,2c37c7f64455,scripts/12_evaluate.py --config configs/finetune/label_5pct.yaml --seed 42 --table 6,<REPO>/results\table_06_per_class_owasp\cells\proposed-fasttext-field-aware__5__seed42.json,row=Proposed (FastText field-aware)|col=5%|macro_f1=65.1035 eval_capped=False
2026-06-07T01:09:26+00:00,evaluate_table6,c042449-dirty,configs/finetune/label_5pct.yaml,43,3ce0e30a2e51,2c37c7f64455,scripts/12_evaluate.py --config configs/finetune/label_5pct.yaml --seed 43 --table 6,<REPO>/results\table_06_per_class_owasp\cells\proposed-fasttext-field-aware__5__seed43.json,row=Proposed (FastText field-aware)|col=5%|macro_f1=65.1035 eval_capped=False
2026-06-07T01:09:36+00:00,evaluate_table6,c042449-dirty,configs/finetune/label_5pct.yaml,44,3ce0e30a2e51,2c37c7f64455,scripts/12_evaluate.py --config configs/finetune/label_5pct.yaml --seed 44 --table 6,<REPO>/results\table_06_per_class_owasp\cells\proposed-fasttext-field-aware__5__seed44.json,row=Proposed (FastText field-aware)|col=5%|macro_f1=65.1035 eval_capped=False
2026-06-07T01:09:46+00:00,evaluate_table6,c042449-dirty,configs/finetune/label_5pct.yaml,45,3ce0e30a2e51,2c37c7f64455,scripts/12_evaluate.py --config configs/finetune/label_5pct.yaml --seed 45 --table 6,<REPO>/results\table_06_per_class_owasp\cells\proposed-fasttext-field-aware__5__seed45.json,row=Proposed (FastText field-aware)|col=5%|macro_f1=65.1035 eval_capped=False
2026-06-07T01:09:56+00:00,evaluate_table6,c042449-dirty,configs/finetune/label_5pct.yaml,46,3ce0e30a2e51,2c37c7f64455,scripts/12_evaluate.py --config configs/finetune/label_5pct.yaml --seed 46 --table 6,<REPO>/results\table_06_per_class_owasp\cells\proposed-fasttext-field-aware__5__seed46.json,row=Proposed (FastText field-aware)|col=5%|macro_f1=65.1035 eval_capped=False
2026-06-07T01:10:13+00:00,attribution_table7,c042449-dirty,configs/ablation/six_field.yaml,42,3ce0e30a2e51,2c37c7f64455,scripts/41_attribution_eval.py --config configs/ablation/six_field.yaml --seed 42,<REPO>/results\table_07_attribution\results.json,macro_agreement=25.493|n=19646 eval_capped=False
2026-06-07T01:10:28+00:00,attribution_table7,c042449-dirty,configs/ablation/six_field.yaml,43,3ce0e30a2e51,2c37c7f64455,scripts/41_attribution_eval.py --config configs/ablation/six_field.yaml --seed 43,<REPO>/results\table_07_attribution\results.json,macro_agreement=25.493|n=19646 eval_capped=False
2026-06-07T01:10:44+00:00,attribution_table7,c042449-dirty,configs/ablation/six_field.yaml,44,3ce0e30a2e51,2c37c7f64455,scripts/41_attribution_eval.py --config configs/ablation/six_field.yaml --seed 44,<REPO>/results\table_07_attribution\results.json,macro_agreement=25.493|n=19646 eval_capped=False
2026-06-07T01:11:00+00:00,attribution_table7,c042449-dirty,configs/ablation/six_field.yaml,45,3ce0e30a2e51,2c37c7f64455,scripts/41_attribution_eval.py --config configs/ablation/six_field.yaml --seed 45,<REPO>/results\table_07_attribution\results.json,macro_agreement=25.493|n=19646 eval_capped=False
2026-06-07T01:11:15+00:00,attribution_table7,c042449-dirty,configs/ablation/six_field.yaml,46,3ce0e30a2e51,2c37c7f64455,scripts/41_attribution_eval.py --config configs/ablation/six_field.yaml --seed 46,<REPO>/results\table_07_attribution\results.json,macro_agreement=25.493|n=19646 eval_capped=False
2026-06-07T01:11:37+00:00,latency_table8,c042449-dirty,configs/finetune/label_5pct.yaml,42,3ce0e30a2e51,2c37c7f64455,scripts/40_measure_latency.py --config configs/finetune/label_5pct.yaml --seed 42,<REPO>/results\table_08_latency\results.json,end_to_end_mean_ms=0.1344|footprint_mb=131.4486|single_run_measured eval_capped=False
2026-06-07T01:17:09+00:00,baseline_latency_table8,c042449-dirty,configs/eval/efficiency.yaml,42,3ce0e30a2e51,2c37c7f64455,scripts/54_measure_baseline_latency.py --seed 42,<REPO>/results\table_08_latency\results.json,"baselines=tfidf_logreg,tfidf_svd_hgbdt,tfidf_typed_linearsvc,tfidf_flat_linearsvc,isolation_forest,ocsvm,modsec_learn,modsec_advlearn,status_only,char_cnn eval_capped=False"
2026-06-07T01:19:57+00:00,cross_dataset_csic,c042449-dirty,configs/finetune/label_0pct.yaml,42,3ce0e30a2e51,2c37c7f64455,scripts/13_cross_dataset_csic.py --config configs/finetune/label_0pct.yaml --seed 42,<REPO>/results\table_09_cross_dataset_csic,roc_auc=0.6791|n=61065 eval_capped=False
2026-06-07T01:22:53+00:00,cross_dataset_csic,c042449-dirty,configs/finetune/label_0pct.yaml,43,3ce0e30a2e51,2c37c7f64455,scripts/13_cross_dataset_csic.py --config configs/finetune/label_0pct.yaml --seed 43,<REPO>/results\table_09_cross_dataset_csic,roc_auc=0.6791|n=61065 eval_capped=False
2026-06-07T01:25:36+00:00,cross_dataset_csic,c042449-dirty,configs/finetune/label_0pct.yaml,44,3ce0e30a2e51,2c37c7f64455,scripts/13_cross_dataset_csic.py --config configs/finetune/label_0pct.yaml --seed 44,<REPO>/results\table_09_cross_dataset_csic,roc_auc=0.6791|n=61065 eval_capped=False
2026-06-07T01:28:17+00:00,cross_dataset_csic,c042449-dirty,configs/finetune/label_0pct.yaml,45,3ce0e30a2e51,2c37c7f64455,scripts/13_cross_dataset_csic.py --config configs/finetune/label_0pct.yaml --seed 45,<REPO>/results\table_09_cross_dataset_csic,roc_auc=0.6791|n=61065 eval_capped=False
2026-06-07T01:30:57+00:00,cross_dataset_csic,c042449-dirty,configs/finetune/label_0pct.yaml,46,3ce0e30a2e51,2c37c7f64455,scripts/13_cross_dataset_csic.py --config configs/finetune/label_0pct.yaml --seed 46,<REPO>/results\table_09_cross_dataset_csic,roc_auc=0.6791|n=61065 eval_capped=False
2026-06-07T01:35:35+00:00,fasttext_sweep,c042449-dirty,configs/finetune/label_5pct.yaml,42,3ce0e30a2e51,2c37c7f64455,scripts/14_fasttext_sweep.py --config configs/finetune/label_5pct.yaml --seed 42,<REPO>/models\detector\fasttext_sweep\weblog_v64_n36.model,v64_n36|f1=62.1783|lat=0.12388|fp=66.175 eval_capped=False
2026-06-07T01:44:54+00:00,fasttext_sweep,c042449-dirty,configs/finetune/label_5pct.yaml,42,3ce0e30a2e51,2c37c7f64455,scripts/14_fasttext_sweep.py --config configs/finetune/label_5pct.yaml --seed 42,<REPO>/models\detector\fasttext_sweep\weblog_v64_n28.model,v64_n28|f1=62.9809|lat=0.399961|fp=66.175 eval_capped=False
2026-06-07T01:59:46+00:00,fasttext_sweep,c042449-dirty,configs/finetune/label_5pct.yaml,42,3ce0e30a2e51,2c37c7f64455,scripts/14_fasttext_sweep.py --config configs/finetune/label_5pct.yaml --seed 42,<REPO>/models\detector\fasttext_sweep\weblog_v128_n36.model,v128_n36|f1=63.1908|lat=0.129267|fp=131.401 eval_capped=False
2026-06-07T02:07:30+00:00,fasttext_sweep,c042449-dirty,configs/finetune/label_5pct.yaml,42,3ce0e30a2e51,2c37c7f64455,scripts/14_fasttext_sweep.py --config configs/finetune/label_5pct.yaml --seed 42,<REPO>/models\detector\fasttext_sweep\weblog_v128_n28.model,v128_n28|f1=65.1035|lat=0.152103|fp=131.401 eval_capped=False
2026-06-07T02:21:18+00:00,fasttext_sweep,c042449-dirty,configs/finetune/label_5pct.yaml,42,3ce0e30a2e51,2c37c7f64455,scripts/14_fasttext_sweep.py --config configs/finetune/label_5pct.yaml --seed 42,<REPO>/models\detector\fasttext_sweep\weblog_v256_n36.model,v256_n36|f1=62.7334|lat=0.369766|fp=261.8532 eval_capped=False
2026-06-07T02:37:25+00:00,fasttext_sweep,c042449-dirty,configs/finetune/label_5pct.yaml,42,3ce0e30a2e51,2c37c7f64455,scripts/14_fasttext_sweep.py --config configs/finetune/label_5pct.yaml --seed 42,<REPO>/models\detector\fasttext_sweep\weblog_v256_n28.model,v256_n28|f1=65.7648|lat=0.212909|fp=261.8532 eval_capped=False
2026-06-07T02:44:58+00:00,benign_fpr_apache_indo,c042449-dirty,configs/finetune/label_0pct.yaml,42,3ce0e30a2e51,2c37c7f64455,scripts/14_benign_fpr_apache_indo.py --config configs/finetune/label_0pct.yaml --seed 42,<REPO>/results\table_11_benign_fpr_apache_indo,FPR@p99=0.084|n=29778 eval_capped=False
2026-06-07T02:54:57+00:00,benign_fpr_apache_indo,c042449-dirty,configs/finetune/label_0pct.yaml,43,3ce0e30a2e51,2c37c7f64455,scripts/14_benign_fpr_apache_indo.py --config configs/finetune/label_0pct.yaml --seed 43,<REPO>/results\table_11_benign_fpr_apache_indo,FPR@p99=0.084|n=29778 eval_capped=False
2026-06-07T03:05:57+00:00,benign_fpr_apache_indo,c042449-dirty,configs/finetune/label_0pct.yaml,44,3ce0e30a2e51,2c37c7f64455,scripts/14_benign_fpr_apache_indo.py --config configs/finetune/label_0pct.yaml --seed 44,<REPO>/results\table_11_benign_fpr_apache_indo,FPR@p99=0.084|n=29778 eval_capped=False
2026-06-07T03:17:07+00:00,benign_fpr_apache_indo,c042449-dirty,configs/finetune/label_0pct.yaml,45,3ce0e30a2e51,2c37c7f64455,scripts/14_benign_fpr_apache_indo.py --config configs/finetune/label_0pct.yaml --seed 45,<REPO>/results\table_11_benign_fpr_apache_indo,FPR@p99=0.084|n=29778 eval_capped=False
2026-06-07T03:27:52+00:00,benign_fpr_apache_indo,c042449-dirty,configs/finetune/label_0pct.yaml,46,3ce0e30a2e51,2c37c7f64455,scripts/14_benign_fpr_apache_indo.py --config configs/finetune/label_0pct.yaml --seed 46,<REPO>/results\table_11_benign_fpr_apache_indo,FPR@p99=0.084|n=29778 eval_capped=False
2026-06-07T03:34:11+00:00,cleanlab_label_audit,c042449-dirty,scripts/44_cleanlab_label_audit.py,42,d7400f33c949,2c37c7f64455,scripts/44_cleanlab_label_audit.py --folds 5 --seed 42 --out-dir results/table_12_label_noise_cleanlab,results\table_12_label_noise_cleanlab\results.json,n=151011 issue_rate=0.082 method=cleanlab.filter.find_label_issues max_records=None
2026-06-07T03:35:55+00:00,post_body_pilot_table13,c042449-dirty,configs/ablation/six_field.yaml,42,3ce0e30a2e51,2c37c7f64455,scripts/17_post_body_pilot.py --seed 42 --budget 0.5,<REPO>/results\table_13_post_body_pilot,get=32.5384 getpost=39.2931 delta=6.7547 n=11388
2026-06-07T03:36:59+00:00,post_body_pilot_table13,c042449-dirty,configs/ablation/six_field.yaml,43,3ce0e30a2e51,2c37c7f64455,scripts/17_post_body_pilot.py --seed 43 --budget 0.5,<REPO>/results\table_13_post_body_pilot,get=32.5384 getpost=39.2931 delta=6.7547 n=11388
2026-06-07T03:38:03+00:00,post_body_pilot_table13,c042449-dirty,configs/ablation/six_field.yaml,44,3ce0e30a2e51,2c37c7f64455,scripts/17_post_body_pilot.py --seed 44 --budget 0.5,<REPO>/results\table_13_post_body_pilot,get=32.5384 getpost=39.2931 delta=6.7547 n=11388
2026-06-07T03:39:05+00:00,post_body_pilot_table13,c042449-dirty,configs/ablation/six_field.yaml,45,3ce0e30a2e51,2c37c7f64455,scripts/17_post_body_pilot.py --seed 45 --budget 0.5,<REPO>/results\table_13_post_body_pilot,get=32.5384 getpost=39.2931 delta=6.7547 n=11388
2026-06-07T03:40:03+00:00,post_body_pilot_table13,c042449-dirty,configs/ablation/six_field.yaml,46,3ce0e30a2e51,2c37c7f64455,scripts/17_post_body_pilot.py --seed 46 --budget 0.5,<REPO>/results\table_13_post_body_pilot,get=32.5384 getpost=39.2931 delta=6.7547 n=11388
2026-06-07T03:42:08+00:00,budget_composition_ci_table14,c042449-dirty,configs/finetune/label_5pct.yaml,42,3ce0e30a2e51,2c37c7f64455,scripts/18_prefix_resample_ci.py --budget 0.05 --n-windows 10 --seed 42,<REPO>/results\table_14_budget_composition_ci,"mean=54.0512 ci=[46.8038, 61.2985] earliest=65.1035 windows=10"
2026-06-07T03:45:03+00:00,budget_composition_ci_table14,c042449-dirty,configs/finetune/label_10pct.yaml,42,3ce0e30a2e51,2c37c7f64455,scripts/18_prefix_resample_ci.py --budget 0.1 --n-windows 10 --seed 42,<REPO>/results\table_14_budget_composition_ci,"mean=60.412 ci=[53.4693, 67.3546] earliest=73.6091 windows=10"
2026-06-07T06:10:18+00:00,evaluate_table5,f12e1f6-dirty,configs/ablation/six_field_request_available.yaml,42,3ce0e30a2e51,2c37c7f64455,scripts/12_evaluate.py --config configs/ablation/six_field_request_available.yaml --seed 42 --table 5,<REPO>/results\table_05_field_granularity\cells\4-field-request-available-no-status-timing__5__seed42.json,"row=4-field, request-available (no status/timing)|col=5%|macro_f1=64.7488 eval_capped=False"
2026-06-07T06:10:28+00:00,evaluate_table5,f12e1f6-dirty,configs/ablation/six_field_status_masked.yaml,42,3ce0e30a2e51,2c37c7f64455,scripts/12_evaluate.py --config configs/ablation/six_field_status_masked.yaml --seed 42 --table 5,<REPO>/results\table_05_field_granularity\cells\6-field-status-masked__5__seed42.json,"row=6-field, status masked|col=5%|macro_f1=61.2883 eval_capped=False"
2026-06-07T06:10:40+00:00,evaluate_table5,f12e1f6-dirty,configs/ablation/six_field_request_available.yaml,43,3ce0e30a2e51,2c37c7f64455,scripts/12_evaluate.py --config configs/ablation/six_field_request_available.yaml --seed 43 --table 5,<REPO>/results\table_05_field_granularity\cells\4-field-request-available-no-status-timing__5__seed43.json,"row=4-field, request-available (no status/timing)|col=5%|macro_f1=64.7488 eval_capped=False"
2026-06-07T06:10:50+00:00,evaluate_table5,f12e1f6-dirty,configs/ablation/six_field_status_masked.yaml,43,3ce0e30a2e51,2c37c7f64455,scripts/12_evaluate.py --config configs/ablation/six_field_status_masked.yaml --seed 43 --table 5,<REPO>/results\table_05_field_granularity\cells\6-field-status-masked__5__seed43.json,"row=6-field, status masked|col=5%|macro_f1=61.2883 eval_capped=False"
2026-06-07T06:11:03+00:00,evaluate_table5,f12e1f6-dirty,configs/ablation/six_field_request_available.yaml,44,3ce0e30a2e51,2c37c7f64455,scripts/12_evaluate.py --config configs/ablation/six_field_request_available.yaml --seed 44 --table 5,<REPO>/results\table_05_field_granularity\cells\4-field-request-available-no-status-timing__5__seed44.json,"row=4-field, request-available (no status/timing)|col=5%|macro_f1=64.7488 eval_capped=False"
2026-06-07T06:11:13+00:00,evaluate_table5,f12e1f6-dirty,configs/ablation/six_field_status_masked.yaml,44,3ce0e30a2e51,2c37c7f64455,scripts/12_evaluate.py --config configs/ablation/six_field_status_masked.yaml --seed 44 --table 5,<REPO>/results\table_05_field_granularity\cells\6-field-status-masked__5__seed44.json,"row=6-field, status masked|col=5%|macro_f1=61.2883 eval_capped=False"
2026-06-07T06:11:25+00:00,evaluate_table5,f12e1f6-dirty,configs/ablation/six_field_request_available.yaml,45,3ce0e30a2e51,2c37c7f64455,scripts/12_evaluate.py --config configs/ablation/six_field_request_available.yaml --seed 45 --table 5,<REPO>/results\table_05_field_granularity\cells\4-field-request-available-no-status-timing__5__seed45.json,"row=4-field, request-available (no status/timing)|col=5%|macro_f1=64.7488 eval_capped=False"
2026-06-07T06:11:35+00:00,evaluate_table5,f12e1f6-dirty,configs/ablation/six_field_status_masked.yaml,45,3ce0e30a2e51,2c37c7f64455,scripts/12_evaluate.py --config configs/ablation/six_field_status_masked.yaml --seed 45 --table 5,<REPO>/results\table_05_field_granularity\cells\6-field-status-masked__5__seed45.json,"row=6-field, status masked|col=5%|macro_f1=61.2883 eval_capped=False"
2026-06-07T06:11:58+00:00,evaluate_table5,f12e1f6-dirty,configs/ablation/six_field_request_available.yaml,46,3ce0e30a2e51,2c37c7f64455,scripts/12_evaluate.py --config configs/ablation/six_field_request_available.yaml --seed 46 --table 5,<REPO>/results\table_05_field_granularity\cells\4-field-request-available-no-status-timing__5__seed46.json,"row=4-field, request-available (no status/timing)|col=5%|macro_f1=64.7488 eval_capped=False"
2026-06-07T06:12:17+00:00,evaluate_table5,f12e1f6-dirty,configs/ablation/six_field_status_masked.yaml,46,3ce0e30a2e51,2c37c7f64455,scripts/12_evaluate.py --config configs/ablation/six_field_status_masked.yaml --seed 46 --table 5,<REPO>/results\table_05_field_granularity\cells\6-field-status-masked__5__seed46.json,"row=6-field, status masked|col=5%|macro_f1=61.2883 eval_capped=False"
2026-06-07T06:12:37+00:00,evaluate_table5,f12e1f6-dirty,configs/ablation/six_field.yaml,46,3ce0e30a2e51,2c37c7f64455,scripts/12_evaluate.py --config configs/ablation/six_field.yaml --seed 46 --table 5 --aggregate,<REPO>/results\table_05_field_granularity\cells\6-field-proposed__5__seed46.json,row=6-field (proposed)|col=5%|macro_f1=65.1035 eval_capped=False
2026-06-17T14:51:17+00:00,evaluate_table3,5940f5a-dirty,configs/finetune/label_1pct.yaml,42,3ce0e30a2e51,2c37c7f64455,scripts/12_evaluate.py --config configs/finetune/label_1pct.yaml --seed 42 --table 3,<REPO>/results\table_03_rq1_baselines\cells\proposed-fasttext-field-aware__1__seed42.json,row=Proposed (FastText field-aware)|col=1%|macro_f1=38.2422 eval_capped=False
2026-06-17T14:51:39+00:00,evaluate_table3,5940f5a-dirty,configs/finetune/label_5pct.yaml,42,3ce0e30a2e51,2c37c7f64455,scripts/12_evaluate.py --config configs/finetune/label_5pct.yaml --seed 42 --table 3,<REPO>/results\table_03_rq1_baselines\cells\proposed-fasttext-field-aware__5__seed42.json,row=Proposed (FastText field-aware)|col=5%|macro_f1=65.1035 eval_capped=False
2026-06-17T14:52:07+00:00,evaluate_table3,5940f5a-dirty,configs/finetune/label_10pct.yaml,42,3ce0e30a2e51,2c37c7f64455,scripts/12_evaluate.py --config configs/finetune/label_10pct.yaml --seed 42 --table 3,<REPO>/results\table_03_rq1_baselines\cells\proposed-fasttext-field-aware__10__seed42.json,row=Proposed (FastText field-aware)|col=10%|macro_f1=73.6091 eval_capped=False
2026-06-17T14:52:51+00:00,evaluate_table3,5940f5a-dirty,configs/finetune/label_20pct.yaml,42,3ce0e30a2e51,2c37c7f64455,scripts/12_evaluate.py --config configs/finetune/label_20pct.yaml --seed 42 --table 3,<REPO>/results\table_03_rq1_baselines\cells\proposed-fasttext-field-aware__20__seed42.json,row=Proposed (FastText field-aware)|col=20%|macro_f1=72.1568 eval_capped=False
2026-06-17T14:54:25+00:00,evaluate_table3,5940f5a-dirty,configs/finetune/label_50pct.yaml,42,3ce0e30a2e51,2c37c7f64455,scripts/12_evaluate.py --config configs/finetune/label_50pct.yaml --seed 42 --table 3,<REPO>/results\table_03_rq1_baselines\cells\proposed-fasttext-field-aware__50__seed42.json,row=Proposed (FastText field-aware)|col=50%|macro_f1=78.189 eval_capped=False
2026-07-01T03:12:10+00:00,latency_table8,9bb51e5-dirty,configs/finetune/label_10pct.yaml,42,3ce0e30a2e51,2c37c7f64455,scripts/40_measure_latency.py --config configs/finetune/label_10pct.yaml --seed 42,<REPO>/results\table_08_latency\results.json,end_to_end_mean_ms=0.3182|footprint_mb=131.4486|single_run_measured eval_capped=False
2026-07-01T03:13:33+00:00,latency_table8,9bb51e5-dirty,configs/finetune/label_10pct.yaml,42,3ce0e30a2e51,2c37c7f64455,scripts/40_measure_latency.py --config configs/finetune/label_10pct.yaml --seed 42 --no-aggregate,<REPO>/results\table_08_latency\results.json,end_to_end_mean_ms=0.3854|footprint_mb=131.4486|single_run_measured eval_capped=False
2026-07-01T03:14:21+00:00,latency_table8,9bb51e5-dirty,configs/finetune/label_5pct.yaml,42,3ce0e30a2e51,2c37c7f64455,scripts/40_measure_latency.py --config configs/finetune/label_5pct.yaml --seed 42 --no-aggregate,<REPO>/results\table_08_latency\results.json,end_to_end_mean_ms=0.3984|footprint_mb=131.4486|single_run_measured eval_capped=False
2026-07-01T03:31:57+00:00,baseline_latency_table8,9bb51e5-dirty,configs/eval/efficiency.yaml,42,3ce0e30a2e51,2c37c7f64455,scripts/54_measure_baseline_latency.py --budget 0.10 --seed 42,<REPO>/results\table_08_latency\results.json,"baselines=tfidf_logreg,tfidf_svd_hgbdt,tfidf_typed_linearsvc,tfidf_flat_linearsvc,isolation_forest,ocsvm,modsec_learn,modsec_advlearn,status_only,char_cnn eval_capped=False"
2026-07-01T03:35:36+00:00,baseline_latency_table8,9bb51e5-dirty,configs/eval/efficiency.yaml,42,3ce0e30a2e51,2c37c7f64455,scripts/54_measure_baseline_latency.py --budget 0.10 --seed 42 --baselines char_cnn --no-aggregate,<REPO>/results\table_08_latency\results.json,baselines=char_cnn eval_capped=False
2026-07-01T03:36:32+00:00,latency_table8,9bb51e5-dirty,configs/finetune/label_10pct.yaml,42,3ce0e30a2e51,2c37c7f64455,scripts/40_measure_latency.py --config configs/finetune/label_10pct.yaml --seed 42,<REPO>/results\table_08_latency\results.json,end_to_end_mean_ms=0.3612|footprint_mb=131.4486|single_run_measured eval_capped=False
2026-07-01T09:06:42+00:00,baseline_latency_table8,9bb51e5-dirty,configs/eval/efficiency.yaml,42,3ce0e30a2e51,2c37c7f64455,scripts/54_measure_baseline_latency.py --budget 0.10 --seed 42 --baselines char_cnn,<REPO>/results\table_08_latency\results.json,baselines=char_cnn eval_capped=False
2026-07-01T11:22:06+00:00,baseline_hashing_char_sgd,9bb51e5-dirty,configs/baselines/hashing_char_sgd.yaml,42,3ce0e30a2e51,2c37c7f64455,scripts/20_run_baseline.py --config configs/baselines/hashing_char_sgd.yaml --budget 0.05 --seed 42,<REPO>/results\table_03_rq1_baselines\hashing_char_sgd.json,value=66.0631 eval_capped=False
2026-07-01T11:22:14+00:00,baseline_hashing_char_sgd,9bb51e5-dirty,configs/baselines/hashing_char_sgd.yaml,43,3ce0e30a2e51,2c37c7f64455,scripts/20_run_baseline.py --config configs/baselines/hashing_char_sgd.yaml --budget 0.05 --seed 43,<REPO>/results\table_03_rq1_baselines\hashing_char_sgd.json,value=68.4822 eval_capped=False
2026-07-01T11:22:22+00:00,baseline_hashing_char_sgd,9bb51e5-dirty,configs/baselines/hashing_char_sgd.yaml,44,3ce0e30a2e51,2c37c7f64455,scripts/20_run_baseline.py --config configs/baselines/hashing_char_sgd.yaml --budget 0.05 --seed 44,<REPO>/results\table_03_rq1_baselines\hashing_char_sgd.json,value=69.4855 eval_capped=False
2026-07-01T11:22:30+00:00,baseline_hashing_char_sgd,9bb51e5-dirty,configs/baselines/hashing_char_sgd.yaml,45,3ce0e30a2e51,2c37c7f64455,scripts/20_run_baseline.py --config configs/baselines/hashing_char_sgd.yaml --budget 0.05 --seed 45,<REPO>/results\table_03_rq1_baselines\hashing_char_sgd.json,value=70.7238 eval_capped=False
2026-07-01T11:22:39+00:00,baseline_hashing_char_sgd,9bb51e5-dirty,configs/baselines/hashing_char_sgd.yaml,46,3ce0e30a2e51,2c37c7f64455,scripts/20_run_baseline.py --config configs/baselines/hashing_char_sgd.yaml --budget 0.05 --seed 46,<REPO>/results\table_03_rq1_baselines\hashing_char_sgd.json,value=62.2439 eval_capped=False
2026-07-01T11:22:48+00:00,baseline_hashing_char_sgd,9bb51e5-dirty,configs/baselines/hashing_char_sgd.yaml,42,3ce0e30a2e51,2c37c7f64455,scripts/20_run_baseline.py --config configs/baselines/hashing_char_sgd.yaml --budget 0.1 --seed 42,<REPO>/results\table_03_rq1_baselines\hashing_char_sgd.json,value=70.8684 eval_capped=False
2026-07-01T11:22:57+00:00,baseline_hashing_char_sgd,9bb51e5-dirty,configs/baselines/hashing_char_sgd.yaml,43,3ce0e30a2e51,2c37c7f64455,scripts/20_run_baseline.py --config configs/baselines/hashing_char_sgd.yaml --budget 0.1 --seed 43,<REPO>/results\table_03_rq1_baselines\hashing_char_sgd.json,value=69.8048 eval_capped=False
2026-07-01T11:23:07+00:00,baseline_hashing_char_sgd,9bb51e5-dirty,configs/baselines/hashing_char_sgd.yaml,44,3ce0e30a2e51,2c37c7f64455,scripts/20_run_baseline.py --config configs/baselines/hashing_char_sgd.yaml --budget 0.1 --seed 44,<REPO>/results\table_03_rq1_baselines\hashing_char_sgd.json,value=70.8318 eval_capped=False
2026-07-01T11:23:16+00:00,baseline_hashing_char_sgd,9bb51e5-dirty,configs/baselines/hashing_char_sgd.yaml,45,3ce0e30a2e51,2c37c7f64455,scripts/20_run_baseline.py --config configs/baselines/hashing_char_sgd.yaml --budget 0.1 --seed 45,<REPO>/results\table_03_rq1_baselines\hashing_char_sgd.json,value=70.785 eval_capped=False
2026-07-01T11:23:25+00:00,baseline_hashing_char_sgd,9bb51e5-dirty,configs/baselines/hashing_char_sgd.yaml,46,3ce0e30a2e51,2c37c7f64455,scripts/20_run_baseline.py --config configs/baselines/hashing_char_sgd.yaml --budget 0.1 --seed 46,<REPO>/results\table_03_rq1_baselines\hashing_char_sgd.json,value=75.5357 eval_capped=False
2026-07-01T11:23:34+00:00,baseline_hashing_char_sgd,9bb51e5-dirty,configs/baselines/hashing_char_sgd.yaml,46,3ce0e30a2e51,2c37c7f64455,scripts/20_run_baseline.py --config configs/baselines/hashing_char_sgd.yaml --budget 0.10 --seed 46 --aggregate,<REPO>/results\table_03_rq1_baselines\hashing_char_sgd.json,value=75.5357 eval_capped=False
2026-07-01T11:23:59+00:00,baseline_field_prefixed_fasttext,9bb51e5-dirty,configs/baselines/field_prefixed_fasttext.yaml,42,3ce0e30a2e51,2c37c7f64455,scripts/20_run_baseline.py --config configs/baselines/field_prefixed_fasttext.yaml --budget 0.05 --seed 42,<REPO>/results\table_03_rq1_baselines\field_prefixed_fasttext.json,value=36.3752 eval_capped=False
2026-07-01T11:24:17+00:00,baseline_field_prefixed_fasttext,9bb51e5-dirty,configs/baselines/field_prefixed_fasttext.yaml,43,3ce0e30a2e51,2c37c7f64455,scripts/20_run_baseline.py --config configs/baselines/field_prefixed_fasttext.yaml --budget 0.05 --seed 43,<REPO>/results\table_03_rq1_baselines\field_prefixed_fasttext.json,value=35.916 eval_capped=False
2026-07-01T11:24:35+00:00,baseline_field_prefixed_fasttext,9bb51e5-dirty,configs/baselines/field_prefixed_fasttext.yaml,44,3ce0e30a2e51,2c37c7f64455,scripts/20_run_baseline.py --config configs/baselines/field_prefixed_fasttext.yaml --budget 0.05 --seed 44,<REPO>/results\table_03_rq1_baselines\field_prefixed_fasttext.json,value=35.5866 eval_capped=False
2026-07-01T11:24:52+00:00,baseline_field_prefixed_fasttext,9bb51e5-dirty,configs/baselines/field_prefixed_fasttext.yaml,45,3ce0e30a2e51,2c37c7f64455,scripts/20_run_baseline.py --config configs/baselines/field_prefixed_fasttext.yaml --budget 0.05 --seed 45,<REPO>/results\table_03_rq1_baselines\field_prefixed_fasttext.json,value=36.2326 eval_capped=False
2026-07-01T11:25:11+00:00,baseline_field_prefixed_fasttext,9bb51e5-dirty,configs/baselines/field_prefixed_fasttext.yaml,46,3ce0e30a2e51,2c37c7f64455,scripts/20_run_baseline.py --config configs/baselines/field_prefixed_fasttext.yaml --budget 0.05 --seed 46,<REPO>/results\table_03_rq1_baselines\field_prefixed_fasttext.json,value=35.4556 eval_capped=False
2026-07-01T11:25:38+00:00,baseline_field_prefixed_fasttext,9bb51e5-dirty,configs/baselines/field_prefixed_fasttext.yaml,42,3ce0e30a2e51,2c37c7f64455,scripts/20_run_baseline.py --config configs/baselines/field_prefixed_fasttext.yaml --budget 0.1 --seed 42,<REPO>/results\table_03_rq1_baselines\field_prefixed_fasttext.json,value=56.5131 eval_capped=False
2026-07-01T11:26:05+00:00,baseline_field_prefixed_fasttext,9bb51e5-dirty,configs/baselines/field_prefixed_fasttext.yaml,43,3ce0e30a2e51,2c37c7f64455,scripts/20_run_baseline.py --config configs/baselines/field_prefixed_fasttext.yaml --budget 0.1 --seed 43,<REPO>/results\table_03_rq1_baselines\field_prefixed_fasttext.json,value=56.6526 eval_capped=False
2026-07-01T11:26:18+00:00,baseline_field_prefixed_fasttext,9bb51e5-dirty,configs/baselines/field_prefixed_fasttext.yaml,44,3ce0e30a2e51,2c37c7f64455,scripts/20_run_baseline.py --config configs/baselines/field_prefixed_fasttext.yaml --budget 0.1 --seed 44,<REPO>/results\table_03_rq1_baselines\field_prefixed_fasttext.json,value=56.1719 eval_capped=False
2026-07-01T11:26:31+00:00,baseline_field_prefixed_fasttext,9bb51e5-dirty,configs/baselines/field_prefixed_fasttext.yaml,45,3ce0e30a2e51,2c37c7f64455,scripts/20_run_baseline.py --config configs/baselines/field_prefixed_fasttext.yaml --budget 0.1 --seed 45,<REPO>/results\table_03_rq1_baselines\field_prefixed_fasttext.json,value=56.7535 eval_capped=False
2026-07-01T11:26:48+00:00,baseline_field_prefixed_fasttext,9bb51e5-dirty,configs/baselines/field_prefixed_fasttext.yaml,46,3ce0e30a2e51,2c37c7f64455,scripts/20_run_baseline.py --config configs/baselines/field_prefixed_fasttext.yaml --budget 0.1 --seed 46,<REPO>/results\table_03_rq1_baselines\field_prefixed_fasttext.json,value=58.3792 eval_capped=False
2026-07-01T11:27:14+00:00,baseline_field_prefixed_fasttext,9bb51e5-dirty,configs/baselines/field_prefixed_fasttext.yaml,46,3ce0e30a2e51,2c37c7f64455,scripts/20_run_baseline.py --config configs/baselines/field_prefixed_fasttext.yaml --budget 0.10 --seed 46 --aggregate,<REPO>/results\table_03_rq1_baselines\field_prefixed_fasttext.json,value=58.3792 eval_capped=False
2026-07-01T11:28:45+00:00,baseline_latency_table8,9bb51e5-dirty,configs/eval/efficiency.yaml,42,3ce0e30a2e51,2c37c7f64455,scripts/54_measure_baseline_latency.py --baselines field_prefixed_fasttext hashing_char_sgd --seed 42 --budget 0.10 --runs 10,<REPO>/results\table_08_latency\results.json,"baselines=field_prefixed_fasttext,hashing_char_sgd eval_capped=False"
2026-07-01T11:30:55+00:00,baseline_latency_table8,9bb51e5-dirty,configs/eval/efficiency.yaml,42,3ce0e30a2e51,2c37c7f64455,scripts/54_measure_baseline_latency.py --baselines hashing_char_sgd --seed 42 --budget 0.10 --runs 10,<REPO>/results\table_08_latency\results.json,baselines=hashing_char_sgd eval_capped=False
2026-07-01T15:06:03+00:00,evaluate_table5,9bb51e5-dirty,configs/ablation/six_field_status_masked_10pct.yaml,42,3ce0e30a2e51,2c37c7f64455,scripts/12_evaluate.py --config configs/ablation/six_field_status_masked_10pct.yaml --seed 42 --table 5,<REPO>/results\table_05_field_granularity\cells\6-field-status-masked__10__seed42.json,"row=6-field, status masked|col=10%|macro_f1=71.8621 eval_capped=False"
2026-07-01T15:06:23+00:00,evaluate_table5,9bb51e5-dirty,configs/ablation/six_field_request_available_10pct.yaml,42,3ce0e30a2e51,2c37c7f64455,scripts/12_evaluate.py --config configs/ablation/six_field_request_available_10pct.yaml --seed 42 --table 5,<REPO>/results\table_05_field_granularity\cells\4-field-request-available-no-status-timing__10__seed42.json,"row=4-field, request-available (no status/timing)|col=10%|macro_f1=73.7137 eval_capped=False"
2026-07-01T15:06:36+00:00,evaluate_table5,9bb51e5-dirty,configs/ablation/six_field_status_masked_10pct.yaml,43,3ce0e30a2e51,2c37c7f64455,scripts/12_evaluate.py --config configs/ablation/six_field_status_masked_10pct.yaml --seed 43 --table 5,<REPO>/results\table_05_field_granularity\cells\6-field-status-masked__10__seed43.json,"row=6-field, status masked|col=10%|macro_f1=71.8621 eval_capped=False"
2026-07-01T15:06:56+00:00,evaluate_table5,9bb51e5-dirty,configs/ablation/six_field_request_available_10pct.yaml,43,3ce0e30a2e51,2c37c7f64455,scripts/12_evaluate.py --config configs/ablation/six_field_request_available_10pct.yaml --seed 43 --table 5,<REPO>/results\table_05_field_granularity\cells\4-field-request-available-no-status-timing__10__seed43.json,"row=4-field, request-available (no status/timing)|col=10%|macro_f1=73.7137 eval_capped=False"
2026-07-01T15:07:09+00:00,evaluate_table5,9bb51e5-dirty,configs/ablation/six_field_status_masked_10pct.yaml,44,3ce0e30a2e51,2c37c7f64455,scripts/12_evaluate.py --config configs/ablation/six_field_status_masked_10pct.yaml --seed 44 --table 5,<REPO>/results\table_05_field_granularity\cells\6-field-status-masked__10__seed44.json,"row=6-field, status masked|col=10%|macro_f1=71.8621 eval_capped=False"
2026-07-01T15:07:32+00:00,evaluate_table5,9bb51e5-dirty,configs/ablation/six_field_request_available_10pct.yaml,44,3ce0e30a2e51,2c37c7f64455,scripts/12_evaluate.py --config configs/ablation/six_field_request_available_10pct.yaml --seed 44 --table 5,<REPO>/results\table_05_field_granularity\cells\4-field-request-available-no-status-timing__10__seed44.json,"row=4-field, request-available (no status/timing)|col=10%|macro_f1=73.7137 eval_capped=False"
2026-07-01T15:07:48+00:00,evaluate_table5,9bb51e5-dirty,configs/ablation/six_field_status_masked_10pct.yaml,45,3ce0e30a2e51,2c37c7f64455,scripts/12_evaluate.py --config configs/ablation/six_field_status_masked_10pct.yaml --seed 45 --table 5,<REPO>/results\table_05_field_granularity\cells\6-field-status-masked__10__seed45.json,"row=6-field, status masked|col=10%|macro_f1=71.8621 eval_capped=False"
2026-07-01T15:08:24+00:00,evaluate_table5,9bb51e5-dirty,configs/ablation/six_field_request_available_10pct.yaml,45,3ce0e30a2e51,2c37c7f64455,scripts/12_evaluate.py --config configs/ablation/six_field_request_available_10pct.yaml --seed 45 --table 5,<REPO>/results\table_05_field_granularity\cells\4-field-request-available-no-status-timing__10__seed45.json,"row=4-field, request-available (no status/timing)|col=10%|macro_f1=73.7137 eval_capped=False"
2026-07-01T15:08:37+00:00,evaluate_table5,9bb51e5-dirty,configs/ablation/six_field_status_masked_10pct.yaml,46,3ce0e30a2e51,2c37c7f64455,scripts/12_evaluate.py --config configs/ablation/six_field_status_masked_10pct.yaml --seed 46 --table 5,<REPO>/results\table_05_field_granularity\cells\6-field-status-masked__10__seed46.json,"row=6-field, status masked|col=10%|macro_f1=71.8621 eval_capped=False"
2026-07-01T15:08:56+00:00,evaluate_table5,9bb51e5-dirty,configs/ablation/six_field_request_available_10pct.yaml,46,3ce0e30a2e51,2c37c7f64455,scripts/12_evaluate.py --config configs/ablation/six_field_request_available_10pct.yaml --seed 46 --table 5,<REPO>/results\table_05_field_granularity\cells\4-field-request-available-no-status-timing__10__seed46.json,"row=4-field, request-available (no status/timing)|col=10%|macro_f1=73.7137 eval_capped=False"
2026-07-01T15:24:48+00:00,evaluate_table5,9bb51e5-dirty,configs/ablation/six_field_10pct.yaml,42,3ce0e30a2e51,2c37c7f64455,scripts/12_evaluate.py --config configs/ablation/six_field_10pct.yaml --seed 42 --table 5,<REPO>/results\table_05_field_granularity\cells\6-field-proposed__10__seed42.json,row=6-field (proposed)|col=10%|macro_f1=73.6091 eval_capped=False
2026-07-01T15:25:01+00:00,evaluate_table5,9bb51e5-dirty,configs/ablation/six_field_10pct.yaml,43,3ce0e30a2e51,2c37c7f64455,scripts/12_evaluate.py --config configs/ablation/six_field_10pct.yaml --seed 43 --table 5,<REPO>/results\table_05_field_granularity\cells\6-field-proposed__10__seed43.json,row=6-field (proposed)|col=10%|macro_f1=73.6091 eval_capped=False
2026-07-01T15:25:15+00:00,evaluate_table5,9bb51e5-dirty,configs/ablation/six_field_10pct.yaml,44,3ce0e30a2e51,2c37c7f64455,scripts/12_evaluate.py --config configs/ablation/six_field_10pct.yaml --seed 44 --table 5,<REPO>/results\table_05_field_granularity\cells\6-field-proposed__10__seed44.json,row=6-field (proposed)|col=10%|macro_f1=73.6091 eval_capped=False
2026-07-01T15:25:29+00:00,evaluate_table5,9bb51e5-dirty,configs/ablation/six_field_10pct.yaml,45,3ce0e30a2e51,2c37c7f64455,scripts/12_evaluate.py --config configs/ablation/six_field_10pct.yaml --seed 45 --table 5,<REPO>/results\table_05_field_granularity\cells\6-field-proposed__10__seed45.json,row=6-field (proposed)|col=10%|macro_f1=73.6091 eval_capped=False
2026-07-01T15:25:43+00:00,evaluate_table5,9bb51e5-dirty,configs/ablation/six_field_10pct.yaml,46,3ce0e30a2e51,2c37c7f64455,scripts/12_evaluate.py --config configs/ablation/six_field_10pct.yaml --seed 46 --table 5,<REPO>/results\table_05_field_granularity\cells\6-field-proposed__10__seed46.json,row=6-field (proposed)|col=10%|macro_f1=73.6091 eval_capped=False
2026-09-24T14:10:50+00:00,latency_table_22_request_time_latency_6field_ref,d39fd4e-dirty,configs/finetune/label_10pct.yaml,42,3ce0e30a2e51,2c37c7f64455,scripts/40_measure_latency.py --config configs/finetune/label_10pct.yaml --seed 42 --table table_22_request_time_latency_6field_ref,<REPO>/results\table_22_request_time_latency_6field_ref\results.json,end_to_end_mean_ms=0.1403|footprint_mb=131.4486|single_run_measured eval_capped=False
2026-09-24T14:11:17+00:00,latency_table_22_request_time_latency_4field,d39fd4e-dirty,configs/ablation/six_field_request_available_10pct.yaml,42,3ce0e30a2e51,2c37c7f64455,scripts/40_measure_latency.py --config configs/ablation/six_field_request_available_10pct.yaml --seed 42 --table table_22_request_time_latency_4field,<REPO>/results\table_22_request_time_latency_4field\results.json,end_to_end_mean_ms=0.1214|footprint_mb=131.433|single_run_measured eval_capped=False
2026-09-24T14:11:38+00:00,latency_table_22_request_time_latency_6field_ref_after,d39fd4e-dirty,configs/finetune/label_10pct.yaml,42,3ce0e30a2e51,2c37c7f64455,scripts/40_measure_latency.py --config configs/finetune/label_10pct.yaml --seed 42 --table table_22_request_time_latency_6field_ref_after,<REPO>/results\table_22_request_time_latency_6field_ref_after\results.json,end_to_end_mean_ms=0.1315|footprint_mb=131.4486|single_run_measured eval_capped=False
